{"stats":{"minecraft:mined":{"minecraft:tuff":1,"minecraft:oak_door":1,"minecraft:crafting_table":9,"minecraft:torch":1,"minecraft:granite":12,"minecraft:short_grass":4,"minecraft:grass_block":35,"minecraft:tall_grass":2,"minecraft:cobblestone":2,"minecraft:diorite":21,"minecraft:wall_torch":1,"minecraft:hay_block":14,"minecraft:furnace":2,"minecraft:iron_ore":26,"minecraft:andesite":16,"minecraft:azure_bluet":1,"minecraft:pointed_dripstone":4,"minecraft:oak_log":40,"minecraft:coal_ore":162,"minecraft:deepslate_iron_ore":8,"minecraft:gravel":7,"minecraft:dripstone_block":8,"minecraft:dirt":31,"minecraft:stone":371,"minecraft:oak_leaves":14,"minecraft:deepslate":25},"minecraft:used":{"minecraft:cooked_mutton":1,"minecraft:oak_fence":2,"minecraft:stone_sword":44,"minecraft:stone_pickaxe":324,"minecraft:wooden_pickaxe":91,"minecraft:shield":2,"minecraft:iron_sword":18,"minecraft:rotten_flesh":6,"minecraft:iron_chestplate":4,"minecraft:torch":9,"minecraft:dirt":54,"minecraft:crafting_table":12,"minecraft:dripstone_block":4,"minecraft:tuff":2,"minecraft:wooden_axe":20,"minecraft:apple":1,"minecraft:bread":6,"minecraft:iron_pickaxe":252,"minecraft:stone_axe":40,"minecraft:cobblestone":7,"minecraft:furnace":2,"minecraft:cooked_porkchop":2,"minecraft:cooked_beef":2,"minecraft:cobbled_deepslate":20,"minecraft:pointed_dripstone":1},"minecraft:picked_up":{"minecraft:wooden_axe":1,"minecraft:crafting_table":13,"minecraft:iron_chestplate":3,"minecraft:feather":3,"minecraft:cooked_beef":5,"minecraft:azure_bluet":1,"minecraft:chicken":3,"minecraft:andesite":14,"minecraft:leather":4,"minecraft:wooden_pickaxe":3,"minecraft:tuff":23,"minecraft:oak_log":39,"minecraft:shield":1,"minecraft:gunpowder":12,"minecraft:dirt":104,"minecraft:cooked_mutton":6,"minecraft:bone":4,"minecraft:apple":3,"minecraft:wheat_seeds":10,"minecraft:cobbled_deepslate":37,"minecraft:stone_pickaxe":5,"minecraft:beef":9,"minecraft:light_gray_wool":1,"minecraft:iron_sword":3,"minecraft:oak_planks":80,"minecraft:egg":2,"minecraft:furnace":5,"minecraft:stick":16,"minecraft:raw_iron":44,"minecraft:cooked_porkchop":16,"minecraft:oak_door":1,"minecraft:oak_fence":2,"minecraft:torch":5,"minecraft:gravel":7,"minecraft:dripstone_block":16,"minecraft:porkchop":21,"minecraft:pointed_dripstone":25,"minecraft:diorite":21,"minecraft:spider_eye":1,"minecraft:stone_sword":4,"minecraft:arrow":6,"minecraft:rotten_flesh":22,"minecraft:hay_block":14,"minecraft:granite":24,"minecraft:saddle":2,"minecraft:oak_sapling":14,"minecraft:mutton":14,"minecraft:coal":170,"minecraft:white_wool":10,"minecraft:rail":2,"minecraft:cobblestone":528},"minecraft:custom":{"minecraft:interact_with_furnace":14,"minecraft:mob_kills":48,"minecraft:interact_with_crafting_table":18,"minecraft:leave_game":3,"minecraft:time_since_death":34391,"minecraft:sleep_in_bed":2,"minecraft:time_since_rest":15613,"minecraft:sprint_one_cm":154659,"minecraft:damage_taken":5333,"minecraft:walk_one_cm":446080,"minecraft:damage_blocked_by_shield":135,"minecraft:damage_dealt":6141,"minecraft:swim_one_cm":3855,"minecraft:fly_one_cm":249203,"minecraft:talked_to_villager":4,"minecraft:open_chest":7,"minecraft:play_time":102572,"minecraft:crouch_one_cm":17139,"minecraft:deaths":15,"minecraft:sneak_time":8285,"minecraft:walk_under_water_one_cm":7590,"minecraft:jump":1728,"minecraft:walk_on_water_one_cm":15733,"minecraft:total_world_time":102572,"minecraft:fall_one_cm":68046},"minecraft:killed_by":{"minecraft:player":4,"minecraft:skeleton":3,"minecraft:creeper":1,"minecraft:spider":2,"minecraft:zombie":3},"minecraft:killed":{"minecraft:cave_spider":1,"minecraft:pig":11,"minecraft:skeleton":1,"minecraft:sheep":8,"minecraft:zombie":23,"minecraft:chicken":3,"minecraft:cow":1},"minecraft:crafted":{"minecraft:cooked_beef":2,"minecraft:oak_planks":132,"minecraft:cooked_porkchop":10,"minecraft:crafting_table":5,"minecraft:wooden_pickaxe":3,"minecraft:iron_sword":1,"minecraft:furnace":2,"minecraft:stone_axe":2,"minecraft:bread":9,"minecraft:cooked_mutton":3,"minecraft:air":0,"minecraft:iron_chestplate":1,"minecraft:shield":1,"minecraft:stick":36,"minecraft:iron_ingot":21,"minecraft:iron_pickaxe":2,"minecraft:stone_pickaxe":4,"minecraft:wooden_axe":1,"minecraft:stone_sword":2,"minecraft:light_gray_dye":1,"minecraft:torch":20,"minecraft:wheat":27},"minecraft:broken":{"minecraft:stone_pickaxe":1,"minecraft:iron_pickaxe":1}},"DataVersion":3700}