{"stats":{"minecraft:mined":{"minecraft:tuff":14,"minecraft:white_bed":6,"minecraft:deepslate_diamond_ore":76,"minecraft:oak_door":1,"minecraft:granite":12,"minecraft:grass_block":35,"minecraft:spruce_leaves":19,"minecraft:spawner":2,"minecraft:large_fern":1,"minecraft:hay_block":14,"minecraft:furnace":3,"minecraft:iron_ore":43,"minecraft:cobbled_deepslate":40,"minecraft:andesite":28,"minecraft:pumpkin":24,"minecraft:deepslate_lapis_ore":9,"minecraft:azure_bluet":1,"minecraft:gold_block":1,"minecraft:pointed_dripstone":4,"minecraft:deepslate_iron_ore":66,"minecraft:stone":706,"minecraft:crafting_table":12,"minecraft:torch":6,"minecraft:short_grass":13,"minecraft:tall_grass":4,"minecraft:copper_ore":2,"minecraft:cobblestone":24,"minecraft:lapis_ore":12,"minecraft:deepslate_gold_ore":11,"minecraft:sugar_cane":15,"minecraft:diorite":21,"minecraft:wall_torch":4,"minecraft:ice":4,"minecraft:spruce_log":2,"minecraft:oak_log":96,"minecraft:coal_ore":162,"minecraft:gravel":20,"minecraft:dripstone_block":8,"minecraft:dirt":41,"minecraft:cobweb":19,"minecraft:oak_leaves":61,"minecraft:deepslate":381},"minecraft:crafted":{"minecraft:oak_planks":332,"minecraft:furnace":3,"minecraft:bone_meal":12,"minecraft:cooked_mutton":29,"minecraft:iron_axe":1,"minecraft:stone_pickaxe":4,"minecraft:chest":4,"minecraft:wheat":126,"minecraft:cooked_beef":2,"minecraft:cooked_porkchop":10,"minecraft:crafting_table":7,"minecraft:spruce_planks":8,"minecraft:wooden_pickaxe":3,"minecraft:iron_helmet":1,"minecraft:iron_sword":3,"minecraft:stone_axe":2,"minecraft:bread":42,"minecraft:air":0,"minecraft:iron_chestplate":3,"minecraft:shield":3,"minecraft:stick":64,"minecraft:iron_ingot":103,"minecraft:iron_pickaxe":6,"minecraft:wooden_axe":1,"minecraft:stone_sword":3,"minecraft:iron_leggings":1,"minecraft:gold_ingot":9,"minecraft:light_gray_dye":1,"minecraft:white_bed":1,"minecraft:torch":60},"minecraft:used":{"minecraft:oak_fence":2,"minecraft:stone_sword":44,"minecraft:chest":5,"minecraft:shield":16,"minecraft:iron_sword":81,"minecraft:rotten_flesh":6,"minecraft:oak_door":2,"minecraft:iron_chestplate":4,"minecraft:torch":71,"minecraft:dirt":85,"minecraft:tuff":2,"minecraft:wooden_axe":20,"minecraft:iron_axe":168,"minecraft:golden_sword":25,"minecraft:oak_sapling":1,"minecraft:furnace":4,"minecraft:cooked_beef":2,"minecraft:cobbled_deepslate":123,"minecraft:pointed_dripstone":1,"minecraft:cooked_mutton":1,"minecraft:stone_pickaxe":324,"minecraft:wooden_pickaxe":91,"minecraft:sugar_cane":21,"minecraft:crafting_table":16,"minecraft:white_bed":8,"minecraft:dripstone_block":4,"minecraft:apple":22,"minecraft:bread":35,"minecraft:iron_pickaxe":1228,"minecraft:gravel":2,"minecraft:stone_axe":40,"minecraft:cobblestone":216,"minecraft:cooked_porkchop":2,"minecraft:andesite":5,"minecraft:bone_meal":11},"minecraft:picked_up":{"minecraft:wooden_axe":1,"minecraft:crafting_table":17,"minecraft:iron_chestplate":4,"minecraft:azure_bluet":1,"minecraft:chicken":3,"minecraft:golden_pickaxe":3,"minecraft:wooden_pickaxe":3,"minecraft:gold_block":2,"minecraft:diamond_horse_armor":2,"minecraft:shield":2,"minecraft:music_disc_cat":2,"minecraft:string":20,"minecraft:raw_copper":18,"minecraft:iron_axe":1,"minecraft:flint_and_steel":3,"minecraft:iron_leggings":1,"minecraft:cobbled_deepslate":622,"minecraft:spruce_planks":4,"minecraft:beef":160,"minecraft:iron_pickaxe":2,"minecraft:light_gray_wool":2,"minecraft:sugar_cane":31,"minecraft:chest":1,"minecraft:furnace":6,"minecraft:egg":6,"minecraft:stick":29,"minecraft:raw_iron":126,"minecraft:oak_door":3,"minecraft:oak_fence":4,"minecraft:torch":40,"minecraft:porkchop":25,"minecraft:pointed_dripstone":25,"minecraft:diorite":42,"minecraft:carrot":3,"minecraft:iron_horse_armor":1,"minecraft:stone_sword":4,"minecraft:arrow":20,"minecraft:rotten_flesh":53,"minecraft:hay_block":14,"minecraft:saddle":2,"minecraft:gold_ingot":34,"minecraft:mutton":55,"minecraft:cobblestone":1271,"minecraft:rail":3,"minecraft:white_wool":41,"minecraft:feather":6,"minecraft:cooked_beef":5,"minecraft:golden_carrot":5,"minecraft:andesite":29,"minecraft:leather":97,"minecraft:flint":4,"minecraft:tuff":38,"minecraft:light_gray_dye":2,"minecraft:oak_log":95,"minecraft:gunpowder":16,"minecraft:lapis_lazuli":419,"minecraft:dirt":125,"minecraft:name_tag":3,"minecraft:cooked_mutton":6,"minecraft:bone":11,"minecraft:apple":3,"minecraft:wheat_seeds":15,"minecraft:raw_gold":33,"minecraft:iron_ingot":72,"minecraft:stone_pickaxe":5,"minecraft:iron_sword":3,"minecraft:oak_planks":97,"minecraft:cooked_porkchop":16,"minecraft:pumpkin":96,"minecraft:dripstone_block":16,"minecraft:gravel":37,"minecraft:white_bed":8,"minecraft:spruce_log":2,"minecraft:spider_eye":2,"minecraft:diamond":105,"minecraft:stone_axe":1,"minecraft:iron_helmet":1,"minecraft:granite":24,"minecraft:bone_meal":2,"minecraft:golden_apple":2,"minecraft:bread":22,"minecraft:oak_sapling":18,"minecraft:coal":221,"minecraft:black_wool":3},"minecraft:broken":{"minecraft:stone_pickaxe":1,"minecraft:golden_sword":1,"minecraft:iron_axe":1,"minecraft:iron_pickaxe":3},"minecraft:dropped":{"minecraft:iron_ingot":34,"minecraft:wheat_seeds":2,"minecraft:lapis_lazuli":134,"minecraft:golden_pickaxe":1,"minecraft:cobblestone":97,"minecraft:iron_horse_armor":1,"minecraft:golden_apple":1,"minecraft:stick":3,"minecraft:diamond_horse_armor":1,"minecraft:dirt":6,"minecraft:torch":6,"minecraft:bone_meal":1,"minecraft:pumpkin":24,"minecraft:iron_pickaxe":2,"minecraft:music_disc_cat":1,"minecraft:gold_ingot":17,"minecraft:bone":2,"minecraft:sugar_cane":6,"minecraft:cobbled_deepslate":62,"minecraft:stone_sword":1,"minecraft:raw_copper":6,"minecraft:tuff":2,"minecraft:name_tag":1,"minecraft:carrot":2,"minecraft:flint_and_steel":1,"minecraft:gunpowder":2,"minecraft:spruce_planks":4,"minecraft:andesite":4,"minecraft:oak_sapling":1,"minecraft:light_gray_dye":1,"minecraft:arrow":8,"minecraft:beef":11,"minecraft:raw_gold":22,"minecraft:black_wool":2,"minecraft:egg":3},"minecraft:custom":{"minecraft:mob_kills":135,"minecraft:animals_bred":2,"minecraft:interact_with_crafting_table":42,"minecraft:leave_game":8,"minecraft:time_since_death":88149,"minecraft:sprint_one_cm":644770,"minecraft:walk_one_cm":1221242,"minecraft:damage_blocked_by_shield":833,"minecraft:drop":63,"minecraft:talked_to_villager":4,"minecraft:play_time":274679,"minecraft:deaths":16,"minecraft:sneak_time":13673,"minecraft:walk_under_water_one_cm":19752,"minecraft:jump":4839,"minecraft:walk_on_water_one_cm":40146,"minecraft:total_world_time":274679,"minecraft:interact_with_furnace":31,"minecraft:sleep_in_bed":12,"minecraft:time_since_rest":0,"minecraft:damage_taken":7133,"minecraft:damage_dealt":15270,"minecraft:swim_one_cm":20909,"minecraft:fly_one_cm":720483,"minecraft:open_chest":53,"minecraft:crouch_one_cm":33117,"minecraft:fall_one_cm":137668},"minecraft:killed":{"minecraft:cave_spider":2,"minecraft:spider":1,"minecraft:skeleton":3,"minecraft:chicken":3,"minecraft:pig":12,"minecraft:sheep":25,"minecraft:zombie":36,"minecraft:cow":37},"minecraft:killed_by":{"minecraft:player":4,"minecraft:creeper":1,"minecraft:spider":2,"minecraft:skeleton":4,"minecraft:zombie":3}},"DataVersion":3700}