{"stats":{"minecraft:broken":{"minecraft:stone_pickaxe":1},"minecraft:mined":{"minecraft:crafting_table":7,"minecraft:granite":12,"minecraft:short_grass":2,"minecraft:grass_block":9,"minecraft:cobblestone":2,"minecraft:wall_torch":1,"minecraft:furnace":2,"minecraft:iron_ore":18,"minecraft:andesite":16,"minecraft:oak_log":28,"minecraft:pointed_dripstone":3,"minecraft:coal_ore":32,"minecraft:dripstone_block":7,"minecraft:dirt":12,"minecraft:stone":153,"minecraft:oak_leaves":11,"minecraft:deepslate":6},"minecraft:crafted":{"minecraft:cooked_beef":2,"minecraft:oak_planks":108,"minecraft:cooked_porkchop":10,"minecraft:crafting_table":3,"minecraft:wooden_pickaxe":2,"minecraft:iron_sword":1,"minecraft:furnace":2,"minecraft:stone_axe":1,"minecraft:cooked_mutton":3,"minecraft:air":0,"minecraft:iron_chestplate":1,"minecraft:shield":1,"minecraft:stick":24,"minecraft:iron_ingot":14,"minecraft:iron_pickaxe":1,"minecraft:stone_pickaxe":3,"minecraft:wooden_axe":1,"minecraft:stone_sword":2,"minecraft:torch":4},"minecraft:killed_by":{"minecraft:player":3,"minecraft:skeleton":1,"minecraft:creeper":1,"minecraft:spider":1,"minecraft:zombie":2},"minecraft:custom":{"minecraft:interact_with_furnace":11,"minecraft:mob_kills":26,"minecraft:interact_with_crafting_table":13,"minecraft:leave_game":2,"minecraft:time_since_death":5908,"minecraft:time_since_rest":6001,"minecraft:sprint_one_cm":61748,"minecraft:damage_taken":2922,"minecraft:walk_one_cm":122915,"minecraft:damage_dealt":3089,"minecraft:swim_one_cm":1655,"minecraft:fly_one_cm":127744,"minecraft:crouch_one_cm":6999,"minecraft:play_time":43147,"minecraft:deaths":8,"minecraft:sneak_time":4226,"minecraft:walk_under_water_one_cm":5868,"minecraft:jump":661,"minecraft:walk_on_water_one_cm":12170,"minecraft:total_world_time":43147,"minecraft:fall_one_cm":29068},"minecraft:killed":{"minecraft:pig":6,"minecraft:sheep":2,"minecraft:zombie":17,"minecraft:cow":1},"minecraft:picked_up":{"minecraft:wooden_axe":1,"minecraft:crafting_table":11,"minecraft:cooked_beef":2,"minecraft:andesite":14,"minecraft:leather":4,"minecraft:wooden_pickaxe":3,"minecraft:oak_log":27,"minecraft:dirt":45,"minecraft:cooked_mutton":6,"minecraft:bone":2,"minecraft:apple":3,"minecraft:wheat_seeds":9,"minecraft:cobbled_deepslate":6,"minecraft:beef":9,"minecraft:stone_pickaxe":3,"minecraft:oak_planks":80,"minecraft:furnace":5,"minecraft:stick":14,"minecraft:raw_iron":24,"minecraft:cooked_porkchop":16,"minecraft:torch":4,"minecraft:dripstone_block":14,"minecraft:porkchop":10,"minecraft:pointed_dripstone":24,"minecraft:stone_sword":1,"minecraft:arrow":6,"minecraft:rotten_flesh":13,"minecraft:granite":24,"minecraft:oak_sapling":12,"minecraft:mutton":5,"minecraft:coal":40,"minecraft:white_wool":5,"minecraft:cobblestone":300},"minecraft:used":{"minecraft:cooked_mutton":1,"minecraft:stone_sword":42,"minecraft:stone_pickaxe":218,"minecraft:wooden_pickaxe":41,"minecraft:iron_chestplate":1,"minecraft:torch":3,"minecraft:dirt":22,"minecraft:crafting_table":8,"minecraft:dripstone_block":1,"minecraft:wooden_axe":20,"minecraft:apple":1,"minecraft:iron_pickaxe":2,"minecraft:stone_axe":1,"minecraft:furnace":2,"minecraft:cooked_porkchop":2}},"DataVersion":3700}