{"stats":{"minecraft:broken":{"minecraft:stone_pickaxe":1},"minecraft:mined":{"minecraft:tuff":1,"minecraft:oak_door":1,"minecraft:crafting_table":9,"minecraft:granite":12,"minecraft:short_grass":2,"minecraft:grass_block":28,"minecraft:tall_grass":2,"minecraft:cobblestone":2,"minecraft:diorite":21,"minecraft:wall_torch":1,"minecraft:furnace":2,"minecraft:iron_ore":25,"minecraft:andesite":16,"minecraft:azure_bluet":1,"minecraft:oak_log":38,"minecraft:pointed_dripstone":4,"minecraft:coal_ore":83,"minecraft:deepslate_iron_ore":8,"minecraft:dripstone_block":8,"minecraft:dirt":19,"minecraft:stone":201,"minecraft:oak_leaves":14,"minecraft:deepslate":25},"minecraft:crafted":{"minecraft:cooked_beef":2,"minecraft:oak_planks":128,"minecraft:cooked_porkchop":10,"minecraft:crafting_table":4,"minecraft:wooden_pickaxe":3,"minecraft:iron_sword":1,"minecraft:furnace":2,"minecraft:stone_axe":2,"minecraft:cooked_mutton":3,"minecraft:air":0,"minecraft:iron_chestplate":1,"minecraft:shield":1,"minecraft:stick":32,"minecraft:iron_ingot":14,"minecraft:iron_pickaxe":1,"minecraft:stone_pickaxe":4,"minecraft:wooden_axe":1,"minecraft:stone_sword":2,"minecraft:light_gray_dye":1,"minecraft:torch":4},"minecraft:killed_by":{"minecraft:player":4,"minecraft:skeleton":3,"minecraft:creeper":1,"minecraft:spider":2,"minecraft:zombie":3},"minecraft:custom":{"minecraft:interact_with_furnace":12,"minecraft:mob_kills":39,"minecraft:interact_with_crafting_table":16,"minecraft:leave_game":3,"minecraft:time_since_death":18313,"minecraft:time_since_rest":18346,"minecraft:sprint_one_cm":143211,"minecraft:damage_taken":5193,"minecraft:walk_one_cm":362404,"minecraft:damage_blocked_by_shield":135,"minecraft:damage_dealt":5280,"minecraft:talked_to_villager":4,"minecraft:swim_one_cm":3855,"minecraft:fly_one_cm":226617,"minecraft:open_chest":6,"minecraft:crouch_one_cm":16312,"minecraft:play_time":86494,"minecraft:deaths":15,"minecraft:sneak_time":7964,"minecraft:walk_under_water_one_cm":7590,"minecraft:jump":1463,"minecraft:walk_on_water_one_cm":15733,"minecraft:total_world_time":86494,"minecraft:fall_one_cm":62729},"minecraft:killed":{"minecraft:cave_spider":1,"minecraft:pig":7,"minecraft:sheep":8,"minecraft:zombie":22,"minecraft:cow":1},"minecraft:picked_up":{"minecraft:wooden_axe":1,"minecraft:iron_chestplate":3,"minecraft:crafting_table":13,"minecraft:azure_bluet":1,"minecraft:cooked_beef":5,"minecraft:andesite":14,"minecraft:leather":4,"minecraft:wooden_pickaxe":3,"minecraft:tuff":23,"minecraft:oak_log":37,"minecraft:shield":1,"minecraft:gunpowder":12,"minecraft:dirt":85,"minecraft:cooked_mutton":6,"minecraft:bone":3,"minecraft:apple":3,"minecraft:wheat_seeds":10,"minecraft:cobbled_deepslate":37,"minecraft:beef":9,"minecraft:stone_pickaxe":5,"minecraft:light_gray_wool":1,"minecraft:iron_sword":3,"minecraft:oak_planks":80,"minecraft:furnace":5,"minecraft:stick":16,"minecraft:raw_iron":43,"minecraft:oak_door":1,"minecraft:cooked_porkchop":16,"minecraft:oak_fence":2,"minecraft:torch":4,"minecraft:dripstone_block":16,"minecraft:porkchop":12,"minecraft:pointed_dripstone":25,"minecraft:diorite":21,"minecraft:spider_eye":1,"minecraft:stone_sword":4,"minecraft:arrow":6,"minecraft:rotten_flesh":22,"minecraft:granite":24,"minecraft:saddle":2,"minecraft:oak_sapling":14,"minecraft:mutton":14,"minecraft:coal":91,"minecraft:rail":2,"minecraft:white_wool":10,"minecraft:cobblestone":358},"minecraft:used":{"minecraft:oak_fence":2,"minecraft:cooked_mutton":1,"minecraft:stone_sword":44,"minecraft:stone_pickaxe":324,"minecraft:shield":2,"minecraft:wooden_pickaxe":91,"minecraft:iron_sword":18,"minecraft:rotten_flesh":6,"minecraft:iron_chestplate":4,"minecraft:torch":3,"minecraft:dirt":44,"minecraft:crafting_table":11,"minecraft:dripstone_block":4,"minecraft:tuff":2,"minecraft:wooden_axe":20,"minecraft:apple":1,"minecraft:bread":2,"minecraft:iron_pickaxe":2,"minecraft:stone_axe":25,"minecraft:cobblestone":7,"minecraft:furnace":2,"minecraft:cooked_porkchop":2,"minecraft:cooked_beef":2,"minecraft:cobbled_deepslate":20,"minecraft:pointed_dripstone":1}},"DataVersion":3700}