{"stats":{"minecraft:mined":{"minecraft:white_bed":6,"minecraft:oak_sapling":2,"minecraft:granite":12,"minecraft:grass_block":50,"minecraft:soul_soil":9,"minecraft:spawner":2,"minecraft:weeping_vines_plant":2,"minecraft:magma_block":30,"minecraft:iron_ore":43,"minecraft:cobbled_deepslate":40,"minecraft:fire":4,"minecraft:pumpkin":24,"minecraft:deepslate_lapis_ore":9,"minecraft:fletching_table":8,"minecraft:azure_bluet":1,"minecraft:pointed_dripstone":4,"minecraft:dirt_path":6,"minecraft:oak_stairs":2,"minecraft:crimson_nylium":9,"minecraft:soul_fire":26,"minecraft:torch":7,"minecraft:nether_quartz_ore":160,"minecraft:cobblestone":41,"minecraft:sugar_cane":39,"minecraft:oak_planks":10,"minecraft:wall_torch":5,"minecraft:seagrass":1,"minecraft:white_terracotta":1,"minecraft:nether_wart_block":1,"minecraft:oak_log":326,"minecraft:dirt":65,"minecraft:netherrack":461,"minecraft:ancient_debris":2,"minecraft:oak_leaves":718,"minecraft:deepslate":381,"minecraft:tuff":14,"minecraft:deepslate_diamond_ore":76,"minecraft:oak_door":8,"minecraft:spruce_leaves":19,"minecraft:large_fern":1,"minecraft:hay_block":25,"minecraft:furnace":3,"minecraft:andesite":28,"minecraft:gold_block":1,"minecraft:bookshelf":4,"minecraft:deepslate_iron_ore":66,"minecraft:stripped_oak_log":2,"minecraft:stone":789,"minecraft:bone_block":63,"minecraft:white_wool":1,"minecraft:glass_pane":1,"minecraft:cherry_planks":2,"minecraft:soul_sand":17,"minecraft:crafting_table":16,"minecraft:short_grass":21,"minecraft:lectern":42,"minecraft:tall_grass":12,"minecraft:copper_ore":2,"minecraft:lapis_ore":12,"minecraft:deepslate_gold_ore":11,"minecraft:diorite":21,"minecraft:ice":4,"minecraft:spruce_log":2,"minecraft:yellow_bed":6,"minecraft:coal_ore":172,"minecraft:gravel":73,"minecraft:dripstone_block":8,"minecraft:cobweb":19},"minecraft:used":{"minecraft:chest":5,"minecraft:shield":22,"minecraft:iron_sword":103,"minecraft:rotten_flesh":6,"minecraft:iron_chestplate":4,"minecraft:soul_sand":10,"minecraft:mutton":5,"minecraft:tuff":2,"minecraft:lava_bucket":2,"minecraft:golden_sword":25,"minecraft:furnace":4,"minecraft:oak_sapling":84,"minecraft:stone_pickaxe":324,"minecraft:oak_planks":24,"minecraft:wooden_pickaxe":91,"minecraft:diamond_axe":266,"minecraft:sugar_cane":21,"minecraft:white_wool":1,"minecraft:dripstone_block":4,"minecraft:bread":80,"minecraft:lectern":45,"minecraft:gravel":55,"minecraft:diamond_sword":52,"minecraft:andesite":5,"minecraft:bone_meal":101,"minecraft:oak_fence":2,"minecraft:stone_sword":44,"minecraft:netherrack":454,"minecraft:oak_door":5,"minecraft:torch":89,"minecraft:dirt":119,"minecraft:wooden_axe":20,"minecraft:iron_axe":168,"minecraft:soul_soil":7,"minecraft:cooked_beef":2,"minecraft:cobbled_deepslate":123,"minecraft:iron_leggings":1,"minecraft:pointed_dripstone":1,"minecraft:cooked_mutton":5,"minecraft:water_bucket":15,"minecraft:fletching_table":8,"minecraft:crafting_table":20,"minecraft:white_bed":8,"minecraft:oak_log":1,"minecraft:diamond_pickaxe":754,"minecraft:apple":22,"minecraft:diamond_shovel":66,"minecraft:chicken":1,"minecraft:iron_pickaxe":1320,"minecraft:stone_axe":103,"minecraft:cobblestone":428,"minecraft:cooked_porkchop":2,"minecraft:bucket":18,"minecraft:yellow_bed":5},"minecraft:picked_up":{"minecraft:wooden_axe":1,"minecraft:seagrass":11,"minecraft:iron_chestplate":5,"minecraft:wheat":6,"minecraft:diamond_sword":1,"minecraft:oak_stairs":3,"minecraft:golden_sword":1,"minecraft:music_disc_cat":2,"minecraft:string":20,"minecraft:soul_soil":7,"minecraft:raw_copper":18,"minecraft:iron_leggings":3,"minecraft:gold_nugget":1,"minecraft:cobbled_deepslate":622,"minecraft:spruce_planks":4,"minecraft:iron_pickaxe":5,"minecraft:furnace":6,"minecraft:stick":83,"minecraft:oak_fence":4,"minecraft:torch":46,"minecraft:porkchop":35,"minecraft:pointed_dripstone":25,"minecraft:diorite":42,"minecraft:golden_chestplate":1,"minecraft:stone_sword":4,"minecraft:rotten_flesh":66,"minecraft:white_terracotta":1,"minecraft:cobblestone":1468,"minecraft:magma_block":30,"minecraft:feather":15,"minecraft:cooked_beef":5,"minecraft:cherry_planks":6,"minecraft:water_bucket":1,"minecraft:andesite":29,"minecraft:brown_wool":1,"minecraft:potato":4,"minecraft:flint":9,"minecraft:tuff":38,"minecraft:light_gray_dye":2,"minecraft:dirt":179,"minecraft:lapis_lazuli":419,"minecraft:name_tag":3,"minecraft:glass":6,"minecraft:bone":24,"minecraft:wheat_seeds":30,"minecraft:raw_gold":33,"minecraft:rabbit":2,"minecraft:fletching_table":8,"minecraft:oak_planks":171,"minecraft:cooked_porkchop":16,"minecraft:diamond":105,"minecraft:granite":24,"minecraft:bone_meal":2,"minecraft:golden_apple":2,"minecraft:bread":42,"minecraft:oak_sapling":98,"minecraft:netherrack":465,"minecraft:diamond_pickaxe":2,"minecraft:crimson_roots":1,"minecraft:crafting_table":22,"minecraft:azure_bluet":1,"minecraft:chicken":8,"minecraft:golden_pickaxe":3,"minecraft:wooden_pickaxe":3,"minecraft:gold_block":2,"minecraft:diamond_horse_armor":2,"minecraft:shield":4,"minecraft:iron_axe":1,"minecraft:flint_and_steel":3,"minecraft:beef":192,"minecraft:light_gray_wool":3,"minecraft:lectern":43,"minecraft:sugar_cane":122,"minecraft:chest":1,"minecraft:egg":8,"minecraft:raw_iron":126,"minecraft:stone":2,"minecraft:oak_door":9,"minecraft:carrot":3,"minecraft:iron_horse_armor":1,"minecraft:weeping_vines":1,"minecraft:arrow":44,"minecraft:shears":1,"minecraft:diamond_boots":1,"minecraft:hay_block":26,"minecraft:saddle":2,"minecraft:gold_ingot":34,"minecraft:mutton":80,"minecraft:white_wool":62,"minecraft:rail":3,"minecraft:bone_block":63,"minecraft:stripped_oak_log":2,"minecraft:golden_carrot":5,"minecraft:leather":114,"minecraft:crimson_fungus":2,"minecraft:oak_log":330,"minecraft:ancient_debris":2,"minecraft:nether_wart_block":1,"minecraft:yellow_bed":7,"minecraft:gunpowder":16,"minecraft:cooked_mutton":6,"minecraft:apple":8,"minecraft:stone_bricks":38,"minecraft:iron_ingot":73,"minecraft:stone_pickaxe":5,"minecraft:soul_sand":22,"minecraft:iron_sword":7,"minecraft:book":36,"minecraft:pumpkin":96,"minecraft:quartz":158,"minecraft:dripstone_block":16,"minecraft:gravel":94,"minecraft:white_bed":8,"minecraft:spruce_log":2,"minecraft:spider_eye":2,"minecraft:stone_axe":3,"minecraft:iron_helmet":3,"minecraft:black_wool":3,"minecraft:coal":240},"minecraft:custom":{"minecraft:animals_bred":2,"minecraft:interact_with_crafting_table":56,"minecraft:leave_game":12,"minecraft:time_since_death":111139,"minecraft:sprint_one_cm":1048533,"minecraft:damage_blocked_by_shield":1118,"minecraft:drop":95,"minecraft:talked_to_villager":53,"minecraft:play_time":473697,"minecraft:deaths":18,"minecraft:jump":7955,"minecraft:walk_on_water_one_cm":42981,"minecraft:interact_with_furnace":36,"minecraft:traded_with_villager":29,"minecraft:sleep_in_bed":21,"minecraft:damage_dealt":20677,"minecraft:crouch_one_cm":99199,"minecraft:horse_one_cm":3274,"minecraft:mob_kills":186,"minecraft:walk_one_cm":1925336,"minecraft:sneak_time":32252,"minecraft:walk_under_water_one_cm":22051,"minecraft:total_world_time":473697,"minecraft:time_since_rest":40465,"minecraft:damage_taken":9463,"minecraft:swim_one_cm":24823,"minecraft:fly_one_cm":1236421,"minecraft:open_chest":119,"minecraft:fall_one_cm":227052},"minecraft:dropped":{"minecraft:iron_sword":2,"minecraft:soul_sand":9,"minecraft:lapis_lazuli":134,"minecraft:golden_pickaxe":1,"minecraft:weeping_vines":1,"minecraft:iron_horse_armor":1,"minecraft:dirt":13,"minecraft:seagrass":11,"minecraft:gold_nugget":1,"minecraft:bone_meal":1,"minecraft:iron_pickaxe":3,"minecraft:gold_ingot":17,"minecraft:bone":2,"minecraft:gravel":9,"minecraft:stone_axe":1,"minecraft:sugar_cane":6,"minecraft:cobbled_deepslate":62,"minecraft:wheat":6,"minecraft:rotten_flesh":11,"minecraft:oak_planks":28,"minecraft:carrot":2,"minecraft:gunpowder":2,"minecraft:arrow":8,"minecraft:glass":6,"minecraft:beef":11,"minecraft:egg":3,"minecraft:iron_ingot":35,"minecraft:wheat_seeds":17,"minecraft:iron_helmet":1,"minecraft:cobblestone":173,"minecraft:coal":10,"minecraft:golden_apple":1,"minecraft:stick":3,"minecraft:diamond_horse_armor":1,"minecraft:torch":8,"minecraft:nether_wart_block":1,"minecraft:iron_leggings":1,"minecraft:oak_stairs":1,"minecraft:pumpkin":24,"minecraft:music_disc_cat":1,"minecraft:stone_sword":1,"minecraft:raw_copper":6,"minecraft:tuff":2,"minecraft:name_tag":1,"minecraft:shears":1,"minecraft:flint_and_steel":1,"minecraft:potato":4,"minecraft:stone":2,"minecraft:shield":1,"minecraft:spruce_planks":4,"minecraft:iron_chestplate":1,"minecraft:andesite":4,"minecraft:oak_sapling":1,"minecraft:golden_sword":1,"minecraft:stone_bricks":38,"minecraft:light_gray_dye":1,"minecraft:raw_gold":22,"minecraft:black_wool":2},"minecraft:killed_by":{"minecraft:creeper":1,"minecraft:zombie":3,"minecraft:player":4,"minecraft:spider":2,"minecraft:skeleton":6},"minecraft:killed":{"minecraft:cave_spider":2,"minecraft:zombified_piglin":1,"minecraft:spider":1,"minecraft:skeleton":13,"minecraft:chicken":8,"minecraft:pig":16,"minecraft:sheep":41,"minecraft:zombie":38,"minecraft:cow":48,"minecraft:enderman":1},"minecraft:broken":{"minecraft:stone_pickaxe":1,"minecraft:golden_sword":1,"minecraft:iron_axe":1,"minecraft:iron_pickaxe":4},"minecraft:crafted":{"minecraft:oak_planks":984,"minecraft:diamond_shovel":1,"minecraft:bookshelf":2,"minecraft:cooked_mutton":30,"minecraft:chest":4,"minecraft:oak_slab":12,"minecraft:emerald":29,"minecraft:cooked_porkchop":10,"minecraft:diamond_axe":1,"minecraft:crafting_table":8,"minecraft:spruce_planks":8,"minecraft:wooden_pickaxe":3,"minecraft:iron_helmet":1,"minecraft:fletching_table":1,"minecraft:lectern":2,"minecraft:book":6,"minecraft:iron_chestplate":3,"minecraft:paper":18,"minecraft:diamond_pickaxe":1,"minecraft:shield":3,"minecraft:stick":1270,"minecraft:iron_ingot":103,"minecraft:iron_pickaxe":6,"minecraft:stone_sword":3,"minecraft:gold_ingot":9,"minecraft:light_gray_dye":1,"minecraft:furnace":3,"minecraft:bone_meal":102,"minecraft:iron_axe":1,"minecraft:stone_pickaxe":4,"minecraft:diamond_boots":1,"minecraft:wheat":234,"minecraft:cooked_beef":2,"minecraft:diamond_sword":1,"minecraft:iron_sword":3,"minecraft:bucket":1,"minecraft:stone_axe":3,"minecraft:bread":78,"minecraft:air":0,"minecraft:wooden_axe":1,"minecraft:iron_leggings":1,"minecraft:white_bed":1,"minecraft:torch":96}},"DataVersion":3700}