{"stats":{"minecraft:mined":{"minecraft:tuff":14,"minecraft:white_bed":6,"minecraft:deepslate_diamond_ore":76,"minecraft:oak_door":1,"minecraft:granite":12,"minecraft:grass_block":35,"minecraft:spruce_leaves":19,"minecraft:spawner":2,"minecraft:large_fern":1,"minecraft:hay_block":14,"minecraft:furnace":2,"minecraft:iron_ore":43,"minecraft:cobbled_deepslate":40,"minecraft:andesite":28,"minecraft:pumpkin":24,"minecraft:deepslate_lapis_ore":9,"minecraft:azure_bluet":1,"minecraft:gold_block":1,"minecraft:pointed_dripstone":4,"minecraft:deepslate_iron_ore":65,"minecraft:stone":706,"minecraft:crafting_table":10,"minecraft:torch":2,"minecraft:short_grass":13,"minecraft:tall_grass":4,"minecraft:copper_ore":2,"minecraft:cobblestone":19,"minecraft:lapis_ore":12,"minecraft:deepslate_gold_ore":11,"minecraft:sugar_cane":15,"minecraft:diorite":21,"minecraft:wall_torch":3,"minecraft:ice":4,"minecraft:spruce_log":2,"minecraft:oak_log":56,"minecraft:coal_ore":162,"minecraft:gravel":20,"minecraft:dripstone_block":8,"minecraft:dirt":41,"minecraft:cobweb":10,"minecraft:oak_leaves":61,"minecraft:deepslate":375},"minecraft:crafted":{"minecraft:oak_planks":192,"minecraft:furnace":3,"minecraft:bone_meal":6,"minecraft:cooked_mutton":29,"minecraft:iron_axe":1,"minecraft:stone_pickaxe":4,"minecraft:chest":2,"minecraft:wheat":126,"minecraft:cooked_beef":2,"minecraft:cooked_porkchop":10,"minecraft:crafting_table":7,"minecraft:spruce_planks":8,"minecraft:wooden_pickaxe":3,"minecraft:iron_helmet":1,"minecraft:iron_sword":3,"minecraft:stone_axe":2,"minecraft:bread":42,"minecraft:air":0,"minecraft:iron_chestplate":3,"minecraft:shield":3,"minecraft:stick":60,"minecraft:iron_ingot":97,"minecraft:iron_pickaxe":5,"minecraft:wooden_axe":1,"minecraft:stone_sword":3,"minecraft:iron_leggings":1,"minecraft:gold_ingot":9,"minecraft:light_gray_dye":1,"minecraft:white_bed":1,"minecraft:torch":60},"minecraft:used":{"minecraft:oak_fence":2,"minecraft:stone_sword":44,"minecraft:chest":2,"minecraft:shield":15,"minecraft:iron_sword":71,"minecraft:rotten_flesh":6,"minecraft:iron_chestplate":4,"minecraft:torch":64,"minecraft:dirt":85,"minecraft:tuff":2,"minecraft:wooden_axe":20,"minecraft:iron_axe":126,"minecraft:golden_sword":25,"minecraft:oak_sapling":1,"minecraft:furnace":3,"minecraft:cooked_beef":2,"minecraft:cobbled_deepslate":109,"minecraft:pointed_dripstone":1,"minecraft:cooked_mutton":1,"minecraft:stone_pickaxe":324,"minecraft:wooden_pickaxe":91,"minecraft:sugar_cane":21,"minecraft:crafting_table":15,"minecraft:white_bed":7,"minecraft:dripstone_block":4,"minecraft:apple":22,"minecraft:bread":33,"minecraft:iron_pickaxe":1215,"minecraft:gravel":2,"minecraft:stone_axe":40,"minecraft:cobblestone":169,"minecraft:cooked_porkchop":2,"minecraft:andesite":5,"minecraft:bone_meal":5},"minecraft:picked_up":{"minecraft:wooden_axe":1,"minecraft:crafting_table":15,"minecraft:iron_chestplate":4,"minecraft:azure_bluet":1,"minecraft:chicken":3,"minecraft:wooden_pickaxe":3,"minecraft:gold_block":2,"minecraft:shield":2,"minecraft:string":13,"minecraft:raw_copper":6,"minecraft:iron_axe":1,"minecraft:flint_and_steel":1,"minecraft:iron_leggings":1,"minecraft:cobbled_deepslate":461,"minecraft:spruce_planks":4,"minecraft:beef":138,"minecraft:iron_pickaxe":2,"minecraft:light_gray_wool":1,"minecraft:sugar_cane":31,"minecraft:furnace":5,"minecraft:egg":6,"minecraft:stick":29,"minecraft:raw_iron":126,"minecraft:oak_door":1,"minecraft:oak_fence":2,"minecraft:torch":37,"minecraft:porkchop":25,"minecraft:pointed_dripstone":25,"minecraft:diorite":21,"minecraft:carrot":3,"minecraft:stone_sword":4,"minecraft:arrow":18,"minecraft:rotten_flesh":53,"minecraft:hay_block":14,"minecraft:saddle":2,"minecraft:mutton":55,"minecraft:cobblestone":967,"minecraft:rail":3,"minecraft:white_wool":29,"minecraft:feather":3,"minecraft:cooked_beef":5,"minecraft:andesite":25,"minecraft:leather":62,"minecraft:flint":4,"minecraft:tuff":38,"minecraft:oak_log":54,"minecraft:gunpowder":12,"minecraft:lapis_lazuli":191,"minecraft:dirt":114,"minecraft:name_tag":1,"minecraft:cooked_mutton":6,"minecraft:bone":9,"minecraft:apple":3,"minecraft:wheat_seeds":11,"minecraft:raw_gold":11,"minecraft:stone_pickaxe":5,"minecraft:iron_sword":3,"minecraft:oak_planks":96,"minecraft:cooked_porkchop":16,"minecraft:pumpkin":48,"minecraft:dripstone_block":16,"minecraft:gravel":20,"minecraft:white_bed":7,"minecraft:spruce_log":2,"minecraft:spider_eye":2,"minecraft:diamond":76,"minecraft:iron_helmet":1,"minecraft:granite":24,"minecraft:bread":22,"minecraft:oak_sapling":18,"minecraft:coal":194,"minecraft:black_wool":3},"minecraft:broken":{"minecraft:stone_pickaxe":1,"minecraft:golden_sword":1,"minecraft:iron_pickaxe":3},"minecraft:dropped":{"minecraft:stick":3,"minecraft:torch":6,"minecraft:iron_pickaxe":2,"minecraft:bone":2,"minecraft:sugar_cane":6,"minecraft:stone_sword":1,"minecraft:tuff":2,"minecraft:carrot":2,"minecraft:spruce_planks":4,"minecraft:andesite":4,"minecraft:oak_sapling":1,"minecraft:arrow":8,"minecraft:black_wool":2,"minecraft:egg":3},"minecraft:custom":{"minecraft:mob_kills":135,"minecraft:animals_bred":1,"minecraft:interact_with_crafting_table":39,"minecraft:leave_game":8,"minecraft:time_since_death":64149,"minecraft:sprint_one_cm":594898,"minecraft:walk_one_cm":1084068,"minecraft:damage_blocked_by_shield":773,"minecraft:drop":20,"minecraft:talked_to_villager":4,"minecraft:play_time":250679,"minecraft:deaths":16,"minecraft:sneak_time":13371,"minecraft:walk_under_water_one_cm":15705,"minecraft:jump":4523,"minecraft:walk_on_water_one_cm":30252,"minecraft:total_world_time":250679,"minecraft:interact_with_furnace":29,"minecraft:sleep_in_bed":10,"minecraft:time_since_rest":23288,"minecraft:damage_taken":7015,"minecraft:damage_dealt":15220,"minecraft:swim_one_cm":20909,"minecraft:fly_one_cm":689818,"minecraft:open_chest":39,"minecraft:crouch_one_cm":32304,"minecraft:fall_one_cm":134562},"minecraft:killed":{"minecraft:cave_spider":2,"minecraft:spider":1,"minecraft:skeleton":3,"minecraft:chicken":3,"minecraft:pig":12,"minecraft:sheep":25,"minecraft:zombie":36,"minecraft:cow":37},"minecraft:killed_by":{"minecraft:player":4,"minecraft:creeper":1,"minecraft:spider":2,"minecraft:skeleton":4,"minecraft:zombie":3}},"DataVersion":3700}