{"stats":{"minecraft:mined":{"minecraft:tuff":3,"minecraft:white_bed":2,"minecraft:deepslate_diamond_ore":29,"minecraft:oak_door":1,"minecraft:granite":12,"minecraft:grass_block":35,"minecraft:spruce_leaves":4,"minecraft:hay_block":14,"minecraft:furnace":2,"minecraft:iron_ore":43,"minecraft:cobbled_deepslate":40,"minecraft:andesite":27,"minecraft:pumpkin":24,"minecraft:deepslate_lapis_ore":9,"minecraft:azure_bluet":1,"minecraft:gold_block":1,"minecraft:pointed_dripstone":4,"minecraft:deepslate_iron_ore":65,"minecraft:stone":706,"minecraft:crafting_table":10,"minecraft:torch":2,"minecraft:short_grass":13,"minecraft:tall_grass":4,"minecraft:copper_ore":2,"minecraft:cobblestone":15,"minecraft:lapis_ore":12,"minecraft:sugar_cane":13,"minecraft:diorite":21,"minecraft:wall_torch":2,"minecraft:spruce_log":2,"minecraft:oak_log":46,"minecraft:coal_ore":162,"minecraft:gravel":19,"minecraft:dripstone_block":8,"minecraft:dirt":39,"minecraft:cobweb":2,"minecraft:oak_leaves":15,"minecraft:deepslate":224},"minecraft:crafted":{"minecraft:oak_planks":180,"minecraft:furnace":2,"minecraft:bone_meal":6,"minecraft:cooked_mutton":3,"minecraft:iron_axe":1,"minecraft:stone_pickaxe":4,"minecraft:chest":2,"minecraft:wheat":126,"minecraft:cooked_beef":2,"minecraft:cooked_porkchop":10,"minecraft:crafting_table":7,"minecraft:spruce_planks":8,"minecraft:wooden_pickaxe":3,"minecraft:iron_sword":2,"minecraft:stone_axe":2,"minecraft:bread":42,"minecraft:air":0,"minecraft:iron_chestplate":2,"minecraft:shield":2,"minecraft:stick":56,"minecraft:iron_ingot":61,"minecraft:iron_pickaxe":4,"minecraft:wooden_axe":1,"minecraft:stone_sword":2,"minecraft:light_gray_dye":1,"minecraft:white_bed":1,"minecraft:torch":60},"minecraft:used":{"minecraft:oak_fence":2,"minecraft:stone_sword":44,"minecraft:chest":2,"minecraft:shield":11,"minecraft:iron_sword":70,"minecraft:rotten_flesh":6,"minecraft:iron_chestplate":4,"minecraft:torch":47,"minecraft:dirt":83,"minecraft:tuff":2,"minecraft:wooden_axe":20,"minecraft:iron_axe":80,"minecraft:furnace":2,"minecraft:oak_sapling":1,"minecraft:cooked_beef":2,"minecraft:cobbled_deepslate":102,"minecraft:pointed_dripstone":1,"minecraft:cooked_mutton":1,"minecraft:stone_pickaxe":324,"minecraft:wooden_pickaxe":91,"minecraft:sugar_cane":21,"minecraft:crafting_table":14,"minecraft:white_bed":2,"minecraft:dripstone_block":4,"minecraft:apple":1,"minecraft:bread":26,"minecraft:iron_pickaxe":984,"minecraft:gravel":2,"minecraft:stone_axe":40,"minecraft:cobblestone":153,"minecraft:cooked_porkchop":2,"minecraft:andesite":5,"minecraft:bone_meal":5},"minecraft:picked_up":{"minecraft:wooden_axe":1,"minecraft:crafting_table":14,"minecraft:iron_chestplate":3,"minecraft:azure_bluet":1,"minecraft:chicken":3,"minecraft:wooden_pickaxe":3,"minecraft:gold_block":1,"minecraft:shield":1,"minecraft:string":4,"minecraft:raw_copper":6,"minecraft:cobbled_deepslate":276,"minecraft:beef":63,"minecraft:light_gray_wool":1,"minecraft:sugar_cane":25,"minecraft:egg":3,"minecraft:furnace":5,"minecraft:stick":18,"minecraft:raw_iron":118,"minecraft:oak_door":1,"minecraft:oak_fence":2,"minecraft:torch":8,"minecraft:porkchop":21,"minecraft:pointed_dripstone":25,"minecraft:diorite":21,"minecraft:carrot":1,"minecraft:stone_sword":4,"minecraft:arrow":10,"minecraft:rotten_flesh":35,"minecraft:hay_block":14,"minecraft:saddle":2,"minecraft:mutton":28,"minecraft:cobblestone":873,"minecraft:rail":3,"minecraft:white_wool":17,"minecraft:feather":3,"minecraft:cooked_beef":5,"minecraft:andesite":25,"minecraft:leather":27,"minecraft:tuff":25,"minecraft:oak_log":45,"minecraft:gunpowder":12,"minecraft:lapis_lazuli":134,"minecraft:dirt":112,"minecraft:cooked_mutton":6,"minecraft:bone":5,"minecraft:apple":3,"minecraft:wheat_seeds":11,"minecraft:stone_pickaxe":5,"minecraft:oak_planks":80,"minecraft:iron_sword":3,"minecraft:cooked_porkchop":16,"minecraft:pumpkin":24,"minecraft:gravel":19,"minecraft:dripstone_block":16,"minecraft:white_bed":2,"minecraft:spruce_log":2,"minecraft:spider_eye":1,"minecraft:diamond":29,"minecraft:granite":24,"minecraft:oak_sapling":15,"minecraft:coal":170,"minecraft:black_wool":1},"minecraft:dropped":{"minecraft:andesite":4},"minecraft:broken":{"minecraft:stone_pickaxe":1,"minecraft:iron_pickaxe":3},"minecraft:custom":{"minecraft:mob_kills":98,"minecraft:interact_with_crafting_table":29,"minecraft:leave_game":4,"minecraft:time_since_death":116638,"minecraft:sprint_one_cm":293103,"minecraft:walk_one_cm":878618,"minecraft:damage_blocked_by_shield":585,"minecraft:drop":1,"minecraft:talked_to_villager":4,"minecraft:play_time":184819,"minecraft:deaths":15,"minecraft:sneak_time":12913,"minecraft:walk_under_water_one_cm":7896,"minecraft:jump":2925,"minecraft:walk_on_water_one_cm":18161,"minecraft:total_world_time":184819,"minecraft:interact_with_furnace":18,"minecraft:sleep_in_bed":6,"minecraft:time_since_rest":1670,"minecraft:damage_taken":6361,"minecraft:damage_dealt":11916,"minecraft:swim_one_cm":6417,"minecraft:fly_one_cm":365956,"minecraft:open_chest":17,"minecraft:crouch_one_cm":31272,"minecraft:fall_one_cm":92142},"minecraft:killed":{"minecraft:cave_spider":1,"minecraft:spider":1,"minecraft:skeleton":3,"minecraft:chicken":3,"minecraft:pig":11,"minecraft:sheep":16,"minecraft:zombie":31,"minecraft:cow":27},"minecraft:killed_by":{"minecraft:player":4,"minecraft:creeper":1,"minecraft:spider":2,"minecraft:skeleton":3,"minecraft:zombie":3}},"DataVersion":3700}