{"stats":{"minecraft:broken":{"minecraft:stone_pickaxe":1},"minecraft:mined":{"minecraft:crafting_table":4,"minecraft:granite":12,"minecraft:short_grass":2,"minecraft:grass_block":8,"minecraft:cobblestone":1,"minecraft:furnace":1,"minecraft:iron_ore":3,"minecraft:andesite":16,"minecraft:oak_log":25,"minecraft:pointed_dripstone":2,"minecraft:coal_ore":21,"minecraft:dripstone_block":7,"minecraft:dirt":10,"minecraft:stone":119,"minecraft:oak_leaves":11,"minecraft:deepslate":6},"minecraft:crafted":{"minecraft:cooked_beef":2,"minecraft:oak_planks":44,"minecraft:cooked_porkchop":10,"minecraft:crafting_table":2,"minecraft:wooden_pickaxe":1,"minecraft:furnace":1,"minecraft:cooked_mutton":3,"minecraft:air":0,"minecraft:stick":12,"minecraft:stone_pickaxe":2,"minecraft:wooden_axe":1,"minecraft:stone_sword":1},"minecraft:killed_by":{"minecraft:player":3,"minecraft:skeleton":1,"minecraft:spider":1,"minecraft:zombie":2},"minecraft:custom":{"minecraft:interact_with_furnace":5,"minecraft:mob_kills":26,"minecraft:interact_with_crafting_table":4,"minecraft:leave_game":2,"minecraft:time_since_death":1705,"minecraft:time_since_rest":1732,"minecraft:sprint_one_cm":51618,"minecraft:damage_taken":2110,"minecraft:walk_one_cm":85680,"minecraft:damage_dealt":3089,"minecraft:swim_one_cm":1655,"minecraft:fly_one_cm":111306,"minecraft:crouch_one_cm":4601,"minecraft:play_time":31147,"minecraft:deaths":7,"minecraft:sneak_time":3091,"minecraft:walk_under_water_one_cm":4231,"minecraft:jump":536,"minecraft:walk_on_water_one_cm":11811,"minecraft:total_world_time":31147,"minecraft:fall_one_cm":21830},"minecraft:killed":{"minecraft:pig":6,"minecraft:sheep":2,"minecraft:zombie":17,"minecraft:cow":1},"minecraft:picked_up":{"minecraft:wooden_axe":1,"minecraft:crafting_table":7,"minecraft:cooked_beef":2,"minecraft:andesite":14,"minecraft:leather":4,"minecraft:wooden_pickaxe":2,"minecraft:oak_log":23,"minecraft:dirt":40,"minecraft:cooked_mutton":6,"minecraft:bone":2,"minecraft:apple":3,"minecraft:wheat_seeds":9,"minecraft:cobbled_deepslate":6,"minecraft:beef":9,"minecraft:stone_pickaxe":2,"minecraft:oak_planks":27,"minecraft:furnace":3,"minecraft:stick":11,"minecraft:raw_iron":3,"minecraft:cooked_porkchop":16,"minecraft:dripstone_block":5,"minecraft:porkchop":10,"minecraft:pointed_dripstone":16,"minecraft:arrow":6,"minecraft:rotten_flesh":13,"minecraft:granite":24,"minecraft:oak_sapling":12,"minecraft:mutton":5,"minecraft:coal":19,"minecraft:white_wool":5,"minecraft:cobblestone":243},"minecraft:used":{"minecraft:cooked_mutton":1,"minecraft:stone_sword":42,"minecraft:stone_pickaxe":173,"minecraft:wooden_pickaxe":23,"minecraft:dirt":19,"minecraft:crafting_table":4,"minecraft:dripstone_block":1,"minecraft:wooden_axe":20,"minecraft:apple":1,"minecraft:furnace":1,"minecraft:cooked_porkchop":2}},"DataVersion":3700}