{"stats":{"minecraft:mined":{"minecraft:tuff":1,"minecraft:deepslate_diamond_ore":14,"minecraft:oak_door":1,"minecraft:crafting_table":9,"minecraft:torch":1,"minecraft:granite":12,"minecraft:short_grass":4,"minecraft:grass_block":35,"minecraft:copper_ore":2,"minecraft:tall_grass":2,"minecraft:cobblestone":4,"minecraft:lapis_ore":12,"minecraft:diorite":21,"minecraft:wall_torch":2,"minecraft:hay_block":14,"minecraft:furnace":2,"minecraft:iron_ore":43,"minecraft:andesite":18,"minecraft:azure_bluet":1,"minecraft:pointed_dripstone":4,"minecraft:oak_log":46,"minecraft:coal_ore":162,"minecraft:deepslate_iron_ore":31,"minecraft:gravel":19,"minecraft:dripstone_block":8,"minecraft:dirt":34,"minecraft:stone":661,"minecraft:oak_leaves":14,"minecraft:deepslate":148},"minecraft:used":{"minecraft:cooked_mutton":1,"minecraft:oak_fence":2,"minecraft:stone_sword":44,"minecraft:stone_pickaxe":324,"minecraft:chest":2,"minecraft:wooden_pickaxe":91,"minecraft:shield":2,"minecraft:iron_sword":18,"minecraft:rotten_flesh":6,"minecraft:iron_chestplate":4,"minecraft:torch":26,"minecraft:dirt":79,"minecraft:crafting_table":13,"minecraft:dripstone_block":4,"minecraft:tuff":2,"minecraft:wooden_axe":20,"minecraft:apple":1,"minecraft:iron_axe":6,"minecraft:bread":6,"minecraft:iron_pickaxe":737,"minecraft:gravel":2,"minecraft:stone_axe":40,"minecraft:cobblestone":48,"minecraft:oak_sapling":1,"minecraft:furnace":2,"minecraft:cooked_porkchop":2,"minecraft:bone_meal":5,"minecraft:cooked_beef":2,"minecraft:cobbled_deepslate":20,"minecraft:pointed_dripstone":1},"minecraft:picked_up":{"minecraft:wooden_axe":1,"minecraft:crafting_table":13,"minecraft:iron_chestplate":3,"minecraft:feather":3,"minecraft:cooked_beef":5,"minecraft:azure_bluet":1,"minecraft:chicken":3,"minecraft:andesite":16,"minecraft:leather":4,"minecraft:wooden_pickaxe":3,"minecraft:tuff":23,"minecraft:oak_log":45,"minecraft:shield":1,"minecraft:gunpowder":12,"minecraft:lapis_lazuli":77,"minecraft:dirt":107,"minecraft:raw_copper":6,"minecraft:cooked_mutton":6,"minecraft:bone":4,"minecraft:apple":3,"minecraft:wheat_seeds":11,"minecraft:cobbled_deepslate":160,"minecraft:stone_pickaxe":5,"minecraft:beef":9,"minecraft:light_gray_wool":1,"minecraft:iron_sword":3,"minecraft:oak_planks":80,"minecraft:egg":2,"minecraft:furnace":5,"minecraft:stick":16,"minecraft:raw_iron":84,"minecraft:cooked_porkchop":16,"minecraft:oak_door":1,"minecraft:oak_fence":2,"minecraft:torch":6,"minecraft:gravel":19,"minecraft:dripstone_block":16,"minecraft:porkchop":21,"minecraft:pointed_dripstone":25,"minecraft:diorite":21,"minecraft:spider_eye":1,"minecraft:stone_sword":4,"minecraft:arrow":6,"minecraft:rotten_flesh":22,"minecraft:diamond":14,"minecraft:hay_block":14,"minecraft:granite":24,"minecraft:saddle":2,"minecraft:oak_sapling":14,"minecraft:mutton":14,"minecraft:coal":170,"minecraft:white_wool":10,"minecraft:rail":2,"minecraft:cobblestone":806},"minecraft:custom":{"minecraft:interact_with_furnace":16,"minecraft:mob_kills":48,"minecraft:interact_with_crafting_table":26,"minecraft:leave_game":3,"minecraft:time_since_death":58391,"minecraft:sleep_in_bed":2,"minecraft:time_since_rest":39613,"minecraft:sprint_one_cm":161259,"minecraft:damage_taken":5333,"minecraft:walk_one_cm":550886,"minecraft:damage_blocked_by_shield":135,"minecraft:damage_dealt":6141,"minecraft:swim_one_cm":3855,"minecraft:fly_one_cm":257402,"minecraft:talked_to_villager":4,"minecraft:open_chest":14,"minecraft:play_time":126572,"minecraft:crouch_one_cm":19308,"minecraft:deaths":15,"minecraft:sneak_time":9348,"minecraft:walk_under_water_one_cm":7590,"minecraft:jump":1918,"minecraft:walk_on_water_one_cm":16529,"minecraft:total_world_time":126572,"minecraft:fall_one_cm":69834},"minecraft:killed_by":{"minecraft:player":4,"minecraft:skeleton":3,"minecraft:creeper":1,"minecraft:spider":2,"minecraft:zombie":3},"minecraft:killed":{"minecraft:cave_spider":1,"minecraft:pig":11,"minecraft:skeleton":1,"minecraft:sheep":8,"minecraft:zombie":23,"minecraft:chicken":3,"minecraft:cow":1},"minecraft:crafted":{"minecraft:cooked_beef":2,"minecraft:oak_planks":180,"minecraft:cooked_porkchop":10,"minecraft:crafting_table":6,"minecraft:wooden_pickaxe":3,"minecraft:iron_sword":1,"minecraft:furnace":2,"minecraft:bone_meal":6,"minecraft:stone_axe":2,"minecraft:bread":42,"minecraft:cooked_mutton":3,"minecraft:air":0,"minecraft:iron_chestplate":2,"minecraft:shield":2,"minecraft:iron_axe":1,"minecraft:stick":48,"minecraft:iron_ingot":34,"minecraft:iron_pickaxe":3,"minecraft:stone_pickaxe":4,"minecraft:wooden_axe":1,"minecraft:stone_sword":2,"minecraft:chest":2,"minecraft:light_gray_dye":1,"minecraft:torch":60,"minecraft:wheat":126},"minecraft:broken":{"minecraft:stone_pickaxe":1,"minecraft:iron_pickaxe":2}},"DataVersion":3700}