{"stats":{"minecraft:broken":{"minecraft:stone_pickaxe":1},"minecraft:mined":{"minecraft:tuff":1,"minecraft:crafting_table":7,"minecraft:granite":12,"minecraft:short_grass":2,"minecraft:grass_block":18,"minecraft:cobblestone":2,"minecraft:wall_torch":1,"minecraft:furnace":2,"minecraft:iron_ore":18,"minecraft:andesite":16,"minecraft:oak_log":28,"minecraft:pointed_dripstone":4,"minecraft:coal_ore":32,"minecraft:deepslate_iron_ore":8,"minecraft:dripstone_block":8,"minecraft:dirt":13,"minecraft:stone":153,"minecraft:oak_leaves":11,"minecraft:deepslate":25},"minecraft:crafted":{"minecraft:cooked_beef":2,"minecraft:oak_planks":108,"minecraft:cooked_porkchop":10,"minecraft:crafting_table":3,"minecraft:wooden_pickaxe":2,"minecraft:iron_sword":1,"minecraft:furnace":2,"minecraft:stone_axe":1,"minecraft:cooked_mutton":3,"minecraft:air":0,"minecraft:iron_chestplate":1,"minecraft:shield":1,"minecraft:stick":24,"minecraft:iron_ingot":14,"minecraft:iron_pickaxe":1,"minecraft:stone_pickaxe":3,"minecraft:wooden_axe":1,"minecraft:stone_sword":2,"minecraft:torch":4},"minecraft:killed_by":{"minecraft:player":4,"minecraft:skeleton":3,"minecraft:creeper":1,"minecraft:spider":1,"minecraft:zombie":3},"minecraft:custom":{"minecraft:interact_with_furnace":11,"minecraft:mob_kills":30,"minecraft:interact_with_crafting_table":13,"minecraft:leave_game":2,"minecraft:time_since_death":1882,"minecraft:time_since_rest":1950,"minecraft:sprint_one_cm":121227,"minecraft:damage_taken":4813,"minecraft:walk_one_cm":271374,"minecraft:damage_blocked_by_shield":135,"minecraft:damage_dealt":4114,"minecraft:swim_one_cm":3855,"minecraft:fly_one_cm":176114,"minecraft:crouch_one_cm":14445,"minecraft:play_time":67147,"minecraft:deaths":13,"minecraft:sneak_time":6929,"minecraft:walk_under_water_one_cm":7590,"minecraft:jump":1047,"minecraft:walk_on_water_one_cm":14741,"minecraft:total_world_time":67147,"minecraft:fall_one_cm":55074},"minecraft:killed":{"minecraft:cave_spider":1,"minecraft:pig":6,"minecraft:sheep":2,"minecraft:zombie":20,"minecraft:cow":1},"minecraft:picked_up":{"minecraft:wooden_axe":1,"minecraft:iron_chestplate":3,"minecraft:crafting_table":11,"minecraft:cooked_beef":5,"minecraft:andesite":14,"minecraft:leather":4,"minecraft:wooden_pickaxe":3,"minecraft:tuff":21,"minecraft:oak_log":27,"minecraft:shield":1,"minecraft:gunpowder":10,"minecraft:dirt":55,"minecraft:cooked_mutton":6,"minecraft:bone":2,"minecraft:apple":3,"minecraft:wheat_seeds":9,"minecraft:cobbled_deepslate":37,"minecraft:beef":9,"minecraft:stone_pickaxe":5,"minecraft:iron_sword":3,"minecraft:oak_planks":80,"minecraft:furnace":5,"minecraft:stick":14,"minecraft:raw_iron":36,"minecraft:cooked_porkchop":16,"minecraft:torch":4,"minecraft:dripstone_block":16,"minecraft:porkchop":10,"minecraft:pointed_dripstone":25,"minecraft:spider_eye":1,"minecraft:stone_sword":4,"minecraft:arrow":6,"minecraft:rotten_flesh":19,"minecraft:granite":24,"minecraft:saddle":2,"minecraft:oak_sapling":12,"minecraft:mutton":5,"minecraft:coal":40,"minecraft:rail":2,"minecraft:white_wool":5,"minecraft:cobblestone":308},"minecraft:used":{"minecraft:cooked_mutton":1,"minecraft:stone_sword":44,"minecraft:stone_pickaxe":247,"minecraft:shield":2,"minecraft:wooden_pickaxe":41,"minecraft:iron_sword":18,"minecraft:rotten_flesh":6,"minecraft:iron_chestplate":4,"minecraft:torch":3,"minecraft:dirt":32,"minecraft:crafting_table":8,"minecraft:dripstone_block":4,"minecraft:tuff":2,"minecraft:wooden_axe":20,"minecraft:apple":1,"minecraft:iron_pickaxe":2,"minecraft:stone_axe":1,"minecraft:cobblestone":7,"minecraft:furnace":2,"minecraft:cooked_porkchop":2,"minecraft:cooked_beef":2,"minecraft:cobbled_deepslate":20,"minecraft:pointed_dripstone":1}},"DataVersion":3700}