{"stats":{"minecraft:mined":{"minecraft:tuff":3,"minecraft:white_bed":4,"minecraft:deepslate_diamond_ore":29,"minecraft:oak_door":1,"minecraft:granite":12,"minecraft:grass_block":35,"minecraft:spruce_leaves":6,"minecraft:spawner":1,"minecraft:hay_block":14,"minecraft:furnace":2,"minecraft:iron_ore":43,"minecraft:cobbled_deepslate":40,"minecraft:andesite":27,"minecraft:pumpkin":24,"minecraft:deepslate_lapis_ore":9,"minecraft:azure_bluet":1,"minecraft:gold_block":1,"minecraft:pointed_dripstone":4,"minecraft:deepslate_iron_ore":65,"minecraft:stone":706,"minecraft:crafting_table":10,"minecraft:torch":2,"minecraft:short_grass":13,"minecraft:tall_grass":4,"minecraft:copper_ore":2,"minecraft:cobblestone":15,"minecraft:lapis_ore":12,"minecraft:sugar_cane":15,"minecraft:diorite":21,"minecraft:wall_torch":2,"minecraft:ice":4,"minecraft:spruce_log":2,"minecraft:oak_log":50,"minecraft:coal_ore":162,"minecraft:gravel":19,"minecraft:dripstone_block":8,"minecraft:dirt":39,"minecraft:cobweb":2,"minecraft:oak_leaves":20,"minecraft:deepslate":224},"minecraft:crafted":{"minecraft:oak_planks":192,"minecraft:furnace":2,"minecraft:bone_meal":6,"minecraft:cooked_mutton":3,"minecraft:iron_axe":1,"minecraft:stone_pickaxe":4,"minecraft:chest":2,"minecraft:wheat":126,"minecraft:cooked_beef":2,"minecraft:cooked_porkchop":10,"minecraft:crafting_table":7,"minecraft:spruce_planks":8,"minecraft:wooden_pickaxe":3,"minecraft:iron_helmet":1,"minecraft:iron_sword":2,"minecraft:stone_axe":2,"minecraft:bread":42,"minecraft:air":0,"minecraft:iron_chestplate":3,"minecraft:shield":3,"minecraft:stick":60,"minecraft:iron_ingot":61,"minecraft:iron_pickaxe":5,"minecraft:wooden_axe":1,"minecraft:stone_sword":3,"minecraft:iron_leggings":1,"minecraft:light_gray_dye":1,"minecraft:white_bed":1,"minecraft:torch":60},"minecraft:used":{"minecraft:oak_fence":2,"minecraft:stone_sword":44,"minecraft:chest":2,"minecraft:shield":13,"minecraft:iron_sword":71,"minecraft:rotten_flesh":6,"minecraft:iron_chestplate":4,"minecraft:torch":47,"minecraft:dirt":83,"minecraft:tuff":2,"minecraft:wooden_axe":20,"minecraft:iron_axe":91,"minecraft:golden_sword":3,"minecraft:oak_sapling":1,"minecraft:furnace":2,"minecraft:cooked_beef":2,"minecraft:cobbled_deepslate":102,"minecraft:pointed_dripstone":1,"minecraft:cooked_mutton":1,"minecraft:stone_pickaxe":324,"minecraft:wooden_pickaxe":91,"minecraft:sugar_cane":21,"minecraft:crafting_table":14,"minecraft:white_bed":4,"minecraft:dripstone_block":4,"minecraft:apple":12,"minecraft:bread":27,"minecraft:iron_pickaxe":988,"minecraft:gravel":2,"minecraft:stone_axe":40,"minecraft:cobblestone":158,"minecraft:cooked_porkchop":2,"minecraft:andesite":5,"minecraft:bone_meal":5},"minecraft:picked_up":{"minecraft:wooden_axe":1,"minecraft:crafting_table":15,"minecraft:iron_chestplate":4,"minecraft:azure_bluet":1,"minecraft:chicken":3,"minecraft:wooden_pickaxe":3,"minecraft:gold_block":2,"minecraft:shield":2,"minecraft:string":4,"minecraft:raw_copper":6,"minecraft:iron_axe":1,"minecraft:flint_and_steel":1,"minecraft:iron_leggings":1,"minecraft:cobbled_deepslate":310,"minecraft:spruce_planks":4,"minecraft:beef":127,"minecraft:iron_pickaxe":2,"minecraft:light_gray_wool":1,"minecraft:sugar_cane":31,"minecraft:furnace":5,"minecraft:egg":6,"minecraft:stick":25,"minecraft:raw_iron":118,"minecraft:oak_door":1,"minecraft:oak_fence":2,"minecraft:torch":36,"minecraft:porkchop":25,"minecraft:pointed_dripstone":25,"minecraft:diorite":21,"minecraft:carrot":3,"minecraft:stone_sword":4,"minecraft:arrow":18,"minecraft:rotten_flesh":53,"minecraft:hay_block":14,"minecraft:saddle":2,"minecraft:mutton":50,"minecraft:cobblestone":963,"minecraft:rail":3,"minecraft:white_wool":25,"minecraft:feather":3,"minecraft:cooked_beef":5,"minecraft:andesite":25,"minecraft:leather":55,"minecraft:flint":4,"minecraft:tuff":27,"minecraft:oak_log":48,"minecraft:gunpowder":12,"minecraft:lapis_lazuli":191,"minecraft:dirt":112,"minecraft:name_tag":1,"minecraft:cooked_mutton":6,"minecraft:bone":9,"minecraft:apple":3,"minecraft:wheat_seeds":11,"minecraft:stone_pickaxe":5,"minecraft:iron_sword":3,"minecraft:oak_planks":96,"minecraft:cooked_porkchop":16,"minecraft:pumpkin":48,"minecraft:dripstone_block":16,"minecraft:gravel":19,"minecraft:white_bed":5,"minecraft:spruce_log":2,"minecraft:spider_eye":1,"minecraft:diamond":29,"minecraft:iron_helmet":1,"minecraft:granite":24,"minecraft:bread":22,"minecraft:oak_sapling":16,"minecraft:coal":194,"minecraft:black_wool":3},"minecraft:broken":{"minecraft:stone_pickaxe":1,"minecraft:iron_pickaxe":3},"minecraft:dropped":{"minecraft:stick":1,"minecraft:iron_pickaxe":2,"minecraft:bone":2,"minecraft:sugar_cane":6,"minecraft:stone_sword":1,"minecraft:tuff":2,"minecraft:carrot":2,"minecraft:spruce_planks":4,"minecraft:andesite":4,"minecraft:oak_sapling":1,"minecraft:arrow":8,"minecraft:black_wool":2,"minecraft:egg":3},"minecraft:custom":{"minecraft:mob_kills":114,"minecraft:animals_bred":1,"minecraft:interact_with_crafting_table":32,"minecraft:leave_game":5,"minecraft:time_since_death":22267,"minecraft:sprint_one_cm":439635,"minecraft:walk_one_cm":945545,"minecraft:damage_blocked_by_shield":743,"minecraft:drop":17,"minecraft:talked_to_villager":4,"minecraft:play_time":208797,"minecraft:deaths":16,"minecraft:sneak_time":13164,"minecraft:walk_under_water_one_cm":12111,"minecraft:jump":3559,"minecraft:walk_on_water_one_cm":24680,"minecraft:total_world_time":208797,"minecraft:interact_with_furnace":18,"minecraft:sleep_in_bed":8,"minecraft:time_since_rest":7874,"minecraft:damage_taken":6634,"minecraft:damage_dealt":12857,"minecraft:swim_one_cm":15713,"minecraft:fly_one_cm":508361,"minecraft:open_chest":30,"minecraft:crouch_one_cm":32058,"minecraft:fall_one_cm":108211},"minecraft:killed":{"minecraft:cave_spider":1,"minecraft:spider":1,"minecraft:skeleton":3,"minecraft:chicken":3,"minecraft:pig":11,"minecraft:sheep":20,"minecraft:zombie":31,"minecraft:cow":31},"minecraft:killed_by":{"minecraft:player":4,"minecraft:creeper":1,"minecraft:spider":2,"minecraft:skeleton":4,"minecraft:zombie":3}},"DataVersion":3700}