{"stats":{"minecraft:mined":{"minecraft:furnace":1,"minecraft:andesite":16,"minecraft:crafting_table":2,"minecraft:granite":12,"minecraft:short_grass":2,"minecraft:coal_ore":21,"minecraft:grass_block":5,"minecraft:oak_log":12,"minecraft:dripstone_block":6,"minecraft:dirt":6,"minecraft:stone":81,"minecraft:oak_leaves":3},"minecraft:crafted":{"minecraft:cooked_beef":2,"minecraft:oak_planks":44,"minecraft:cooked_porkchop":10,"minecraft:crafting_table":2,"minecraft:stick":8,"minecraft:wooden_pickaxe":1,"minecraft:stone_pickaxe":1,"minecraft:wooden_axe":1,"minecraft:furnace":1,"minecraft:cooked_mutton":3,"minecraft:air":0},"minecraft:killed_by":{"minecraft:player":1,"minecraft:spider":1,"minecraft:zombie":1},"minecraft:custom":{"minecraft:time_since_rest":13595,"minecraft:interact_with_furnace":5,"minecraft:sprint_one_cm":34813,"minecraft:damage_taken":920,"minecraft:walk_one_cm":57831,"minecraft:mob_kills":10,"minecraft:damage_dealt":1138,"minecraft:swim_one_cm":1655,"minecraft:interact_with_crafting_table":2,"minecraft:fly_one_cm":88325,"minecraft:crouch_one_cm":467,"minecraft:play_time":19147,"minecraft:deaths":3,"minecraft:sneak_time":340,"minecraft:walk_under_water_one_cm":3958,"minecraft:jump":410,"minecraft:leave_game":2,"minecraft:time_since_death":13566,"minecraft:walk_on_water_one_cm":9786,"minecraft:total_world_time":19147,"minecraft:fall_one_cm":11599},"minecraft:killed":{"minecraft:sheep":2,"minecraft:zombie":1,"minecraft:pig":6,"minecraft:cow":1},"minecraft:picked_up":{"minecraft:stick":7,"minecraft:crafting_table":3,"minecraft:andesite":14,"minecraft:leather":3,"minecraft:wooden_pickaxe":1,"minecraft:dripstone_block":4,"minecraft:porkchop":10,"minecraft:oak_log":11,"minecraft:dirt":32,"minecraft:bone":1,"minecraft:arrow":2,"minecraft:apple":1,"minecraft:rotten_flesh":1,"minecraft:wheat_seeds":9,"minecraft:beef":9,"minecraft:granite":12,"minecraft:oak_sapling":6,"minecraft:mutton":5,"minecraft:oak_planks":17,"minecraft:coal":19,"minecraft:white_wool":3,"minecraft:cobblestone":77,"minecraft:furnace":1},"minecraft:used":{"minecraft:wooden_axe":13,"minecraft:stone_pickaxe":124,"minecraft:wooden_pickaxe":23,"minecraft:dirt":9,"minecraft:crafting_table":2,"minecraft:furnace":1,"minecraft:cooked_porkchop":2}},"DataVersion":3700}