{"stats":{"minecraft:crafted":{"minecraft:oak_planks":20,"minecraft:crafting_table":1},"minecraft:mined":{"minecraft:grass_block":2,"minecraft:short_grass":2,"minecraft:oak_log":12,"minecraft:oak_leaves":3},"minecraft:killed_by":{"minecraft:spider":1,"minecraft:zombie":1,"minecraft:player":1},"minecraft:custom":{"minecraft:time_since_rest":1595,"minecraft:crouch_one_cm":323,"minecraft:play_time":7147,"minecraft:sprint_one_cm":17490,"minecraft:deaths":3,"minecraft:damage_taken":887,"minecraft:walk_one_cm":22332,"minecraft:sneak_time":318,"minecraft:walk_under_water_one_cm":1739,"minecraft:mob_kills":1,"minecraft:jump":206,"minecraft:damage_dealt":278,"minecraft:leave_game":2,"minecraft:walk_on_water_one_cm":3295,"minecraft:time_since_death":1566,"minecraft:total_world_time":7147,"minecraft:swim_one_cm":1655,"minecraft:fall_one_cm":7094,"minecraft:fly_one_cm":48602},"minecraft:killed":{"minecraft:zombie":1},"minecraft:picked_up":{"minecraft:crafting_table":1,"minecraft:stick":6,"minecraft:rotten_flesh":1,"minecraft:leather":2,"minecraft:wheat_seeds":7,"minecraft:wooden_pickaxe":1,"minecraft:beef":7,"minecraft:oak_log":11,"minecraft:mutton":2,"minecraft:oak_planks":17,"minecraft:white_wool":1,"minecraft:dirt":14},"minecraft:used":{"minecraft:dirt":5,"minecraft:wooden_pickaxe":10}},"DataVersion":3700}