{"stats":{"minecraft:mined":{"minecraft:diamond_ore":4,"minecraft:tuff":7,"minecraft:deepslate_diamond_ore":5,"minecraft:granite":23,"minecraft:grass_block":86,"minecraft:spawner":1,"minecraft:hay_block":23,"minecraft:furnace":1,"minecraft:iron_ore":72,"minecraft:cobbled_deepslate":1,"minecraft:andesite":21,"minecraft:deepslate_lapis_ore":4,"minecraft:pointed_dripstone":33,"minecraft:dirt_path":72,"minecraft:deepslate_iron_ore":33,"minecraft:rail":1,"minecraft:oak_stairs":2,"minecraft:stripped_oak_log":13,"minecraft:stone":331,"minecraft:oak_fence":2,"minecraft:crafting_table":5,"minecraft:torch":8,"minecraft:short_grass":129,"minecraft:poppy":1,"minecraft:tall_grass":39,"minecraft:cobblestone":34,"minecraft:lapis_ore":6,"minecraft:oak_planks":11,"minecraft:diorite":10,"minecraft:wall_torch":10,"minecraft:oak_log":13,"minecraft:coal_ore":23,"minecraft:gravel":7,"minecraft:dripstone_block":17,"minecraft:sand":4,"minecraft:dirt":53,"minecraft:cobweb":1,"minecraft:gold_ore":1,"minecraft:oak_leaves":1,"minecraft:deepslate":48},"minecraft:used":{"minecraft:stone_sword":131,"minecraft:iron_shovel":313,"minecraft:flint_and_steel":1,"minecraft:stone_shovel":27,"minecraft:chest":2,"minecraft:shield":17,"minecraft:iron_sword":110,"minecraft:rotten_flesh":34,"minecraft:torch":22,"minecraft:dirt":195,"minecraft:granite":4,"minecraft:milk_bucket":1,"minecraft:lava_bucket":3,"minecraft:hay_block":1,"minecraft:furnace":3,"minecraft:cooked_beef":13,"minecraft:cobbled_deepslate":3,"minecraft:pointed_dripstone":3,"minecraft:cooked_mutton":7,"minecraft:water_bucket":25,"minecraft:diorite":3,"minecraft:stone_pickaxe":188,"minecraft:wooden_pickaxe":39,"minecraft:cauldron":3,"minecraft:sand":4,"minecraft:crafting_table":6,"minecraft:dripstone_block":6,"minecraft:bread":7,"minecraft:iron_pickaxe":449,"minecraft:stone_axe":32,"minecraft:cobblestone":262,"minecraft:bucket":29,"minecraft:andesite":6},"minecraft:picked_up":{"minecraft:crafting_table":6,"minecraft:iron_chestplate":1,"minecraft:chicken":3,"minecraft:wooden_pickaxe":1,"minecraft:oak_stairs":2,"minecraft:string":12,"minecraft:iron_shovel":1,"minecraft:cobbled_deepslate":50,"minecraft:beef":10,"minecraft:light_gray_wool":1,"minecraft:phantom_membrane":1,"minecraft:furnace":1,"minecraft:stick":6,"minecraft:raw_iron":113,"minecraft:torch":22,"minecraft:pointed_dripstone":64,"minecraft:diorite":10,"minecraft:stone_sword":2,"minecraft:arrow":13,"minecraft:rotten_flesh":53,"minecraft:hay_block":67,"minecraft:saddle":3,"minecraft:mutton":19,"minecraft:cobblestone":361,"minecraft:rail":1,"minecraft:white_wool":12,"minecraft:stripped_oak_log":13,"minecraft:feather":4,"minecraft:cooked_beef":3,"minecraft:andesite":12,"minecraft:salmon":1,"minecraft:leather":2,"minecraft:flint":4,"minecraft:tuff":6,"minecraft:oak_log":13,"minecraft:gunpowder":6,"minecraft:lapis_lazuli":69,"minecraft:dirt":200,"minecraft:bone":13,"minecraft:bow":1,"minecraft:wheat_seeds":28,"minecraft:raw_gold":1,"minecraft:stone_pickaxe":1,"minecraft:oak_planks":135,"minecraft:iron_sword":1,"minecraft:gravel":4,"minecraft:dripstone_block":24,"minecraft:sand":4,"minecraft:spider_eye":4,"minecraft:diamond":9,"minecraft:granite":23,"minecraft:coal":33},"minecraft:custom":{"minecraft:mob_kills":82,"minecraft:interact_with_crafting_table":27,"minecraft:leave_game":5,"minecraft:time_since_death":115240,"minecraft:sprint_one_cm":129407,"minecraft:walk_one_cm":624989,"minecraft:damage_blocked_by_shield":960,"minecraft:drop":30,"minecraft:talked_to_villager":2,"minecraft:play_time":124290,"minecraft:deaths":3,"minecraft:sneak_time":12990,"minecraft:walk_under_water_one_cm":19600,"minecraft:jump":1841,"minecraft:walk_on_water_one_cm":18516,"minecraft:total_world_time":124290,"minecraft:interact_with_furnace":24,"minecraft:time_since_rest":115281,"minecraft:damage_taken":3533,"minecraft:damage_dealt":12805,"minecraft:swim_one_cm":15498,"minecraft:fly_one_cm":141341,"minecraft:player_kills":4,"minecraft:open_chest":17,"minecraft:crouch_one_cm":40169,"minecraft:use_cauldron":2,"minecraft:fall_one_cm":38981},"minecraft:dropped":{"minecraft:wheat_seeds":15,"minecraft:cooked_beef":2,"minecraft:crafting_table":1,"minecraft:dripstone_block":18,"minecraft:cobblestone":2,"minecraft:saddle":3,"minecraft:stick":5,"minecraft:dirt":1,"minecraft:diorite":2,"minecraft:phantom_membrane":1,"minecraft:redstone":2,"minecraft:furnace":1,"minecraft:stone_sword":2,"minecraft:wheat":3,"minecraft:oak_planks":85,"minecraft:salmon":1,"minecraft:hay_block":44,"minecraft:gunpowder":5,"minecraft:andesite":6,"minecraft:bow":1},"minecraft:killed_by":{"minecraft:zombie":2},"minecraft:killed":{"minecraft:cave_spider":2,"minecraft:spider":7,"minecraft:skeleton":8,"minecraft:chicken":3,"minecraft:salmon":1,"minecraft:sheep":10,"minecraft:zombie":47,"minecraft:cow":1},"minecraft:broken":{"minecraft:iron_shovel":2,"minecraft:stone_sword":1,"minecraft:wooden_pickaxe":1,"minecraft:stone_pickaxe":2,"minecraft:iron_pickaxe":1},"minecraft:crafted":{"minecraft:oak_planks":104,"minecraft:stone_shovel":1,"minecraft:furnace":3,"minecraft:cooked_mutton":7,"minecraft:flint_and_steel":1,"minecraft:iron_boots":1,"minecraft:stone_pickaxe":1,"minecraft:chest":2,"minecraft:wheat":198,"minecraft:cooked_beef":2,"minecraft:coal_block":1,"minecraft:cauldron":3,"minecraft:crafting_table":2,"minecraft:wooden_pickaxe":1,"minecraft:iron_helmet":1,"minecraft:iron_sword":1,"minecraft:bucket":1,"minecraft:stone_axe":1,"minecraft:bread":64,"minecraft:air":0,"minecraft:iron_chestplate":1,"minecraft:diamond_pickaxe":1,"minecraft:shield":1,"minecraft:stick":24,"minecraft:iron_pickaxe":2,"minecraft:iron_ingot":61,"minecraft:stone_sword":1,"minecraft:iron_shovel":1,"minecraft:iron_leggings":1,"minecraft:torch":4}},"DataVersion":3700}