{"stats":{"minecraft:mined":{"minecraft:diamond_ore":4,"minecraft:tuff":7,"minecraft:deepslate_diamond_ore":5,"minecraft:granite":23,"minecraft:grass_block":343,"minecraft:soul_soil":41,"minecraft:spawner":1,"minecraft:hay_block":23,"minecraft:tall_seagrass":16,"minecraft:glowstone":20,"minecraft:furnace":1,"minecraft:carrots":1,"minecraft:iron_ore":72,"minecraft:fire":1,"minecraft:cobbled_deepslate":1,"minecraft:andesite":21,"minecraft:deepslate_lapis_ore":4,"minecraft:rail":1,"minecraft:pointed_dripstone":33,"minecraft:potatoes":35,"minecraft:deepslate_iron_ore":33,"minecraft:dirt_path":105,"minecraft:oak_stairs":2,"minecraft:stripped_oak_log":13,"minecraft:stone":448,"minecraft:bone_block":40,"minecraft:soul_sand":16,"minecraft:soul_fire":12,"minecraft:oak_fence":2,"minecraft:crafting_table":5,"minecraft:torch":19,"minecraft:short_grass":173,"minecraft:poppy":1,"minecraft:nether_quartz_ore":3,"minecraft:tall_grass":44,"minecraft:cobblestone":41,"minecraft:lapis_ore":6,"minecraft:oak_planks":11,"minecraft:diorite":10,"minecraft:wall_torch":33,"minecraft:seagrass":8,"minecraft:oak_log":13,"minecraft:coal_ore":23,"minecraft:dripstone_block":17,"minecraft:gravel":13,"minecraft:sand":53,"minecraft:dirt":706,"minecraft:cobweb":1,"minecraft:netherrack":4,"minecraft:gold_ore":1,"minecraft:oak_leaves":1,"minecraft:deepslate":48},"minecraft:crafted":{"minecraft:oak_planks":104,"minecraft:stone_shovel":1,"minecraft:furnace":3,"minecraft:bone_meal":318,"minecraft:cooked_mutton":7,"minecraft:flint_and_steel":1,"minecraft:glass":34,"minecraft:iron_boots":1,"minecraft:stone_pickaxe":1,"minecraft:chest":2,"minecraft:stone_hoe":1,"minecraft:stone_bricks":68,"minecraft:wheat":198,"minecraft:cooked_beef":2,"minecraft:coal_block":1,"minecraft:cauldron":3,"minecraft:crafting_table":2,"minecraft:wooden_pickaxe":1,"minecraft:iron_helmet":1,"minecraft:iron_sword":1,"minecraft:bucket":1,"minecraft:stone_axe":1,"minecraft:bread":64,"minecraft:air":0,"minecraft:iron_chestplate":1,"minecraft:diamond_pickaxe":1,"minecraft:shield":1,"minecraft:stick":32,"minecraft:iron_pickaxe":3,"minecraft:iron_ingot":114,"minecraft:stone_sword":1,"minecraft:iron_shovel":2,"minecraft:iron_leggings":1,"minecraft:torch":12,"minecraft:shears":1},"minecraft:used":{"minecraft:stone_sword":131,"minecraft:iron_shovel":1243,"minecraft:flint_and_steel":3,"minecraft:stone_shovel":27,"minecraft:bone_block":4,"minecraft:chest":2,"minecraft:shield":40,"minecraft:iron_sword":137,"minecraft:rotten_flesh":80,"minecraft:stone_hoe":97,"minecraft:netherrack":4,"minecraft:torch":68,"minecraft:soul_sand":7,"minecraft:dirt":1102,"minecraft:carrot":2,"minecraft:salmon_bucket":3,"minecraft:granite":4,"minecraft:milk_bucket":2,"minecraft:glass":28,"minecraft:lava_bucket":15,"minecraft:stone_bricks":31,"minecraft:hay_block":1,"minecraft:soul_soil":3,"minecraft:furnace":3,"minecraft:cooked_beef":13,"minecraft:potato":114,"minecraft:cobbled_deepslate":3,"minecraft:seagrass":14,"minecraft:pointed_dripstone":3,"minecraft:cooked_mutton":7,"minecraft:water_bucket":67,"minecraft:diorite":3,"minecraft:stone_pickaxe":188,"minecraft:oak_planks":11,"minecraft:wooden_pickaxe":39,"minecraft:cauldron":3,"minecraft:sand":5,"minecraft:crafting_table":6,"minecraft:dripstone_block":6,"minecraft:bread":12,"minecraft:iron_pickaxe":630,"minecraft:gravel":9,"minecraft:stone_axe":32,"minecraft:cobblestone":448,"minecraft:andesite":6,"minecraft:bucket":88,"minecraft:bone_meal":47},"minecraft:picked_up":{"minecraft:seagrass":36,"minecraft:crafting_table":6,"minecraft:iron_chestplate":2,"minecraft:wheat":6,"minecraft:chicken":3,"minecraft:wooden_pickaxe":1,"minecraft:oak_stairs":2,"minecraft:shield":1,"minecraft:soul_soil":38,"minecraft:string":12,"minecraft:iron_leggings":1,"minecraft:iron_shovel":1,"minecraft:cobbled_deepslate":50,"minecraft:beef":10,"minecraft:iron_pickaxe":1,"minecraft:light_gray_wool":1,"minecraft:furnace":1,"minecraft:phantom_membrane":1,"minecraft:stick":6,"minecraft:raw_iron":113,"minecraft:stone":2,"minecraft:torch":60,"minecraft:pointed_dripstone":64,"minecraft:diorite":10,"minecraft:carrot":2,"minecraft:rotten_flesh":65,"minecraft:stone_sword":2,"minecraft:arrow":13,"minecraft:shears":1,"minecraft:hay_block":67,"minecraft:saddle":3,"minecraft:bone_block":39,"minecraft:mutton":19,"minecraft:cobblestone":561,"minecraft:rail":1,"minecraft:white_wool":12,"minecraft:stripped_oak_log":13,"minecraft:feather":4,"minecraft:cooked_beef":3,"minecraft:andesite":12,"minecraft:salmon":1,"minecraft:leather":2,"minecraft:potato":118,"minecraft:flint":5,"minecraft:tuff":6,"minecraft:oak_log":13,"minecraft:gunpowder":6,"minecraft:lapis_lazuli":69,"minecraft:dirt":1121,"minecraft:glass":6,"minecraft:bone":14,"minecraft:stone_bricks":38,"minecraft:bow":1,"minecraft:wheat_seeds":116,"minecraft:raw_gold":1,"minecraft:stone_pickaxe":1,"minecraft:iron_ingot":3,"minecraft:glowstone_dust":53,"minecraft:soul_sand":25,"minecraft:iron_sword":3,"minecraft:oak_planks":163,"minecraft:quartz":1,"minecraft:dripstone_block":24,"minecraft:gravel":18,"minecraft:sand":53,"minecraft:spider_eye":4,"minecraft:diamond":9,"minecraft:iron_helmet":1,"minecraft:granite":23,"minecraft:bone_meal":6,"minecraft:netherrack":4,"minecraft:coal":42},"minecraft:broken":{"minecraft:iron_shovel":3,"minecraft:stone_sword":1,"minecraft:wooden_pickaxe":1,"minecraft:stone_pickaxe":2,"minecraft:shield":1,"minecraft:iron_pickaxe":2},"minecraft:dropped":{"minecraft:wheat_seeds":16,"minecraft:cooked_beef":2,"minecraft:crafting_table":1,"minecraft:dripstone_block":18,"minecraft:feather":24,"minecraft:cobblestone":2,"minecraft:saddle":3,"minecraft:flint":4,"minecraft:stick":5,"minecraft:dirt":1,"minecraft:diorite":2,"minecraft:phantom_membrane":1,"minecraft:redstone":2,"minecraft:furnace":1,"minecraft:stone_sword":2,"minecraft:wheat":3,"minecraft:oak_planks":85,"minecraft:salmon":1,"minecraft:hay_block":44,"minecraft:gunpowder":5,"minecraft:andesite":6,"minecraft:bow":1,"minecraft:quartz":1},"minecraft:custom":{"minecraft:mob_kills":87,"minecraft:interact_with_crafting_table":32,"minecraft:fill_cauldron":2,"minecraft:leave_game":6,"minecraft:time_since_death":10771,"minecraft:sprint_one_cm":264604,"minecraft:walk_one_cm":1122380,"minecraft:damage_blocked_by_shield":2385,"minecraft:drop":46,"minecraft:talked_to_villager":2,"minecraft:play_time":207163,"minecraft:deaths":4,"minecraft:sneak_time":20390,"minecraft:walk_under_water_one_cm":29097,"minecraft:jump":3197,"minecraft:walk_on_water_one_cm":34638,"minecraft:total_world_time":207163,"minecraft:interact_with_furnace":36,"minecraft:sleep_in_bed":5,"minecraft:time_since_rest":10824,"minecraft:damage_taken":4821,"minecraft:damage_dealt":14244,"minecraft:swim_one_cm":23021,"minecraft:fly_one_cm":346759,"minecraft:player_kills":4,"minecraft:open_chest":27,"minecraft:crouch_one_cm":64401,"minecraft:use_cauldron":14,"minecraft:fall_one_cm":78089},"minecraft:killed":{"minecraft:cave_spider":2,"minecraft:spider":7,"minecraft:skeleton":8,"minecraft:chicken":3,"minecraft:salmon":1,"minecraft:iron_golem":1,"minecraft:creeper":1,"minecraft:sheep":10,"minecraft:zombie":49,"minecraft:cow":1},"minecraft:killed_by":{"minecraft:enderman":1,"minecraft:zombie":2}},"DataVersion":3700}