{"stats":{"minecraft:broken":{"minecraft:stone_pickaxe":1,"minecraft:stone_sword":1,"minecraft:wooden_pickaxe":1},"minecraft:mined":{"minecraft:tuff":7,"minecraft:deepslate_diamond_ore":1,"minecraft:crafting_table":3,"minecraft:torch":2,"minecraft:granite":4,"minecraft:short_grass":48,"minecraft:grass_block":17,"minecraft:tall_grass":36,"minecraft:cobblestone":1,"minecraft:lapis_ore":4,"minecraft:diorite":5,"minecraft:wall_torch":3,"minecraft:spawner":1,"minecraft:furnace":1,"minecraft:iron_ore":47,"minecraft:cobbled_deepslate":1,"minecraft:andesite":10,"minecraft:oak_log":13,"minecraft:pointed_dripstone":32,"minecraft:coal_ore":8,"minecraft:deepslate_iron_ore":26,"minecraft:sand":4,"minecraft:dripstone_block":10,"minecraft:dirt":33,"minecraft:stone":135,"minecraft:gold_ore":1,"minecraft:deepslate":17,"minecraft:oak_leaves":1},"minecraft:crafted":{"minecraft:cooked_beef":2,"minecraft:coal_block":1,"minecraft:oak_planks":24,"minecraft:stone_shovel":1,"minecraft:crafting_table":1,"minecraft:wooden_pickaxe":1,"minecraft:iron_helmet":1,"minecraft:iron_sword":1,"minecraft:furnace":1,"minecraft:bucket":1,"minecraft:stone_axe":1,"minecraft:cooked_mutton":7,"minecraft:air":0,"minecraft:flint_and_steel":1,"minecraft:iron_boots":1,"minecraft:iron_chestplate":1,"minecraft:shield":1,"minecraft:stick":16,"minecraft:iron_ingot":60,"minecraft:iron_pickaxe":1,"minecraft:stone_pickaxe":1,"minecraft:stone_sword":1,"minecraft:iron_leggings":1,"minecraft:torch":4},"minecraft:killed_by":{"minecraft:zombie":2},"minecraft:custom":{"minecraft:interact_with_furnace":19,"minecraft:mob_kills":67,"minecraft:interact_with_crafting_table":16,"minecraft:leave_game":3,"minecraft:time_since_death":50083,"minecraft:time_since_rest":50124,"minecraft:sprint_one_cm":64174,"minecraft:damage_taken":2598,"minecraft:walk_one_cm":215288,"minecraft:damage_blocked_by_shield":690,"minecraft:drop":7,"minecraft:damage_dealt":10311,"minecraft:swim_one_cm":3060,"minecraft:fly_one_cm":83759,"minecraft:player_kills":3,"minecraft:open_chest":2,"minecraft:crouch_one_cm":25604,"minecraft:play_time":59133,"minecraft:deaths":3,"minecraft:sneak_time":8861,"minecraft:walk_under_water_one_cm":6188,"minecraft:jump":923,"minecraft:walk_on_water_one_cm":14355,"minecraft:total_world_time":59133,"minecraft:fall_one_cm":25152},"minecraft:killed":{"minecraft:salmon":1,"minecraft:spider":1,"minecraft:sheep":10,"minecraft:skeleton":6,"minecraft:zombie":43,"minecraft:chicken":3,"minecraft:cow":1},"minecraft:picked_up":{"minecraft:crafting_table":4,"minecraft:feather":4,"minecraft:cooked_beef":3,"minecraft:chicken":3,"minecraft:salmon":1,"minecraft:andesite":12,"minecraft:leather":2,"minecraft:wooden_pickaxe":1,"minecraft:flint":1,"minecraft:oak_log":13,"minecraft:gunpowder":1,"minecraft:lapis_lazuli":31,"minecraft:dirt":50,"minecraft:iron_shovel":1,"minecraft:bone":10,"minecraft:wheat_seeds":19,"minecraft:cobbled_deepslate":14,"minecraft:raw_gold":1,"minecraft:beef":10,"minecraft:light_gray_wool":1,"minecraft:oak_planks":33,"minecraft:furnace":1,"minecraft:stick":6,"minecraft:raw_iron":73,"minecraft:torch":9,"minecraft:dripstone_block":17,"minecraft:sand":4,"minecraft:pointed_dripstone":62,"minecraft:diorite":5,"minecraft:stone_sword":1,"minecraft:arrow":12,"minecraft:rotten_flesh":46,"minecraft:diamond":1,"minecraft:granite":4,"minecraft:saddle":2,"minecraft:mutton":19,"minecraft:coal":18,"minecraft:white_wool":12,"minecraft:cobblestone":140},"minecraft:dropped":{"minecraft:wheat_seeds":13,"minecraft:saddle":3,"minecraft:salmon":1,"minecraft:dirt":1,"minecraft:gunpowder":5},"minecraft:used":{"minecraft:cooked_mutton":7,"minecraft:water_bucket":12,"minecraft:stone_sword":131,"minecraft:flint_and_steel":1,"minecraft:stone_shovel":27,"minecraft:stone_pickaxe":131,"minecraft:shield":12,"minecraft:wooden_pickaxe":39,"minecraft:iron_sword":62,"minecraft:torch":10,"minecraft:dirt":45,"minecraft:sand":4,"minecraft:crafting_table":4,"minecraft:dripstone_block":6,"minecraft:granite":4,"minecraft:iron_pickaxe":140,"minecraft:stone_axe":2,"minecraft:cobblestone":41,"minecraft:furnace":1,"minecraft:bucket":13,"minecraft:andesite":6,"minecraft:cooked_beef":13,"minecraft:cobbled_deepslate":3}},"DataVersion":3700}