{"stats":{"minecraft:mined":{"minecraft:crafting_table":1,"minecraft:short_grass":20,"minecraft:grass_block":5,"minecraft:oak_log":6,"minecraft:dirt":2,"minecraft:sand":4,"minecraft:tall_grass":17},"minecraft:crafted":{"minecraft:oak_planks":12,"minecraft:crafting_table":1,"minecraft:stick":8,"minecraft:wooden_pickaxe":1},"minecraft:killed_by":{"minecraft:zombie":2},"minecraft:custom":{"minecraft:time_since_rest":2124,"minecraft:sprint_one_cm":41032,"minecraft:damage_taken":885,"minecraft:walk_one_cm":27699,"minecraft:mob_kills":17,"minecraft:damage_dealt":1478,"minecraft:player_kills":1,"minecraft:swim_one_cm":434,"minecraft:interact_with_crafting_table":3,"minecraft:fly_one_cm":55664,"minecraft:crouch_one_cm":1122,"minecraft:play_time":11133,"minecraft:deaths":3,"minecraft:walk_under_water_one_cm":184,"minecraft:sneak_time":452,"minecraft:jump":341,"minecraft:leave_game":3,"minecraft:walk_on_water_one_cm":1523,"minecraft:time_since_death":2083,"minecraft:total_world_time":11133,"minecraft:fall_one_cm":9809},"minecraft:killed":{"minecraft:sheep":8,"minecraft:zombie":2,"minecraft:chicken":3,"minecraft:spider":1,"minecraft:cow":1},"minecraft:picked_up":{"minecraft:stick":6,"minecraft:crafting_table":2,"minecraft:feather":4,"minecraft:chicken":3,"minecraft:leather":2,"minecraft:wooden_pickaxe":1,"minecraft:sand":4,"minecraft:oak_log":6,"minecraft:dirt":8,"minecraft:bone":4,"minecraft:arrow":2,"minecraft:rotten_flesh":3,"minecraft:wheat_seeds":10,"minecraft:beef":10,"minecraft:light_gray_wool":1,"minecraft:mutton":16,"minecraft:oak_planks":33,"minecraft:white_wool":8},"minecraft:used":{"minecraft:dirt":2,"minecraft:sand":4,"minecraft:crafting_table":1}},"DataVersion":3700}