{"stats":{"minecraft:mined":{"minecraft:diamond_ore":3,"minecraft:tuff":7,"minecraft:deepslate_diamond_ore":5,"minecraft:granite":23,"minecraft:grass_block":62,"minecraft:spawner":1,"minecraft:hay_block":23,"minecraft:furnace":1,"minecraft:iron_ore":72,"minecraft:cobbled_deepslate":1,"minecraft:andesite":21,"minecraft:deepslate_lapis_ore":4,"minecraft:pointed_dripstone":33,"minecraft:dirt_path":72,"minecraft:deepslate_iron_ore":33,"minecraft:rail":1,"minecraft:oak_stairs":2,"minecraft:stripped_oak_log":13,"minecraft:stone":216,"minecraft:oak_fence":2,"minecraft:crafting_table":5,"minecraft:torch":6,"minecraft:short_grass":108,"minecraft:poppy":1,"minecraft:tall_grass":37,"minecraft:cobblestone":31,"minecraft:lapis_ore":6,"minecraft:oak_planks":11,"minecraft:diorite":10,"minecraft:wall_torch":9,"minecraft:oak_log":13,"minecraft:coal_ore":23,"minecraft:dripstone_block":17,"minecraft:sand":4,"minecraft:dirt":50,"minecraft:cobweb":1,"minecraft:gold_ore":1,"minecraft:oak_leaves":1,"minecraft:deepslate":48},"minecraft:used":{"minecraft:stone_sword":131,"minecraft:iron_shovel":284,"minecraft:flint_and_steel":1,"minecraft:stone_shovel":27,"minecraft:chest":2,"minecraft:shield":17,"minecraft:iron_sword":102,"minecraft:rotten_flesh":32,"minecraft:torch":20,"minecraft:dirt":153,"minecraft:granite":4,"minecraft:lava_bucket":1,"minecraft:hay_block":1,"minecraft:furnace":3,"minecraft:cooked_beef":13,"minecraft:cobbled_deepslate":3,"minecraft:pointed_dripstone":3,"minecraft:cooked_mutton":7,"minecraft:water_bucket":22,"minecraft:diorite":3,"minecraft:stone_pickaxe":188,"minecraft:wooden_pickaxe":39,"minecraft:cauldron":3,"minecraft:sand":4,"minecraft:crafting_table":6,"minecraft:dripstone_block":6,"minecraft:bread":6,"minecraft:iron_pickaxe":329,"minecraft:stone_axe":32,"minecraft:cobblestone":210,"minecraft:bucket":24,"minecraft:andesite":6},"minecraft:picked_up":{"minecraft:crafting_table":6,"minecraft:iron_chestplate":1,"minecraft:chicken":3,"minecraft:wooden_pickaxe":1,"minecraft:oak_stairs":2,"minecraft:string":12,"minecraft:iron_shovel":1,"minecraft:cobbled_deepslate":50,"minecraft:beef":10,"minecraft:light_gray_wool":1,"minecraft:furnace":1,"minecraft:stick":6,"minecraft:raw_iron":113,"minecraft:torch":19,"minecraft:pointed_dripstone":64,"minecraft:diorite":10,"minecraft:stone_sword":2,"minecraft:arrow":13,"minecraft:rotten_flesh":51,"minecraft:hay_block":67,"minecraft:saddle":3,"minecraft:mutton":19,"minecraft:cobblestone":254,"minecraft:rail":1,"minecraft:white_wool":12,"minecraft:stripped_oak_log":13,"minecraft:feather":4,"minecraft:cooked_beef":3,"minecraft:andesite":12,"minecraft:salmon":1,"minecraft:leather":2,"minecraft:flint":1,"minecraft:tuff":6,"minecraft:oak_log":13,"minecraft:gunpowder":6,"minecraft:lapis_lazuli":69,"minecraft:dirt":173,"minecraft:bone":13,"minecraft:bow":1,"minecraft:wheat_seeds":21,"minecraft:raw_gold":1,"minecraft:stone_pickaxe":1,"minecraft:oak_planks":135,"minecraft:iron_sword":1,"minecraft:dripstone_block":24,"minecraft:sand":4,"minecraft:spider_eye":4,"minecraft:diamond":8,"minecraft:granite":23,"minecraft:coal":33},"minecraft:custom":{"minecraft:mob_kills":80,"minecraft:interact_with_crafting_table":27,"minecraft:leave_game":5,"minecraft:time_since_death":103240,"minecraft:sprint_one_cm":119525,"minecraft:walk_one_cm":564769,"minecraft:damage_blocked_by_shield":960,"minecraft:drop":29,"minecraft:talked_to_villager":2,"minecraft:play_time":112290,"minecraft:deaths":3,"minecraft:sneak_time":12345,"minecraft:walk_under_water_one_cm":9811,"minecraft:jump":1611,"minecraft:walk_on_water_one_cm":17989,"minecraft:total_world_time":112290,"minecraft:interact_with_furnace":22,"minecraft:time_since_rest":103281,"minecraft:damage_taken":3451,"minecraft:damage_dealt":12289,"minecraft:swim_one_cm":14280,"minecraft:fly_one_cm":129225,"minecraft:player_kills":4,"minecraft:open_chest":17,"minecraft:crouch_one_cm":38529,"minecraft:fall_one_cm":36997},"minecraft:dropped":{"minecraft:wheat_seeds":15,"minecraft:cooked_beef":2,"minecraft:crafting_table":1,"minecraft:dripstone_block":18,"minecraft:cobblestone":2,"minecraft:saddle":3,"minecraft:stick":5,"minecraft:dirt":1,"minecraft:diorite":2,"minecraft:redstone":2,"minecraft:furnace":1,"minecraft:stone_sword":2,"minecraft:wheat":3,"minecraft:oak_planks":85,"minecraft:salmon":1,"minecraft:hay_block":44,"minecraft:gunpowder":5,"minecraft:andesite":6,"minecraft:bow":1},"minecraft:killed_by":{"minecraft:zombie":2},"minecraft:killed":{"minecraft:cave_spider":2,"minecraft:spider":7,"minecraft:skeleton":8,"minecraft:chicken":3,"minecraft:salmon":1,"minecraft:sheep":10,"minecraft:zombie":46,"minecraft:cow":1},"minecraft:broken":{"minecraft:iron_shovel":1,"minecraft:stone_sword":1,"minecraft:wooden_pickaxe":1,"minecraft:stone_pickaxe":2,"minecraft:iron_pickaxe":1},"minecraft:crafted":{"minecraft:oak_planks":104,"minecraft:stone_shovel":1,"minecraft:furnace":3,"minecraft:cooked_mutton":7,"minecraft:flint_and_steel":1,"minecraft:iron_boots":1,"minecraft:stone_pickaxe":1,"minecraft:chest":2,"minecraft:wheat":198,"minecraft:cooked_beef":2,"minecraft:coal_block":1,"minecraft:cauldron":3,"minecraft:crafting_table":2,"minecraft:wooden_pickaxe":1,"minecraft:iron_helmet":1,"minecraft:iron_sword":1,"minecraft:bucket":1,"minecraft:stone_axe":1,"minecraft:bread":64,"minecraft:air":0,"minecraft:iron_chestplate":1,"minecraft:diamond_pickaxe":1,"minecraft:shield":1,"minecraft:stick":24,"minecraft:iron_pickaxe":2,"minecraft:iron_ingot":61,"minecraft:stone_sword":1,"minecraft:iron_shovel":1,"minecraft:iron_leggings":1,"minecraft:torch":4}},"DataVersion":3700}