{"stats":{"minecraft:broken":{"minecraft:stone_pickaxe":1,"minecraft:wooden_pickaxe":1},"minecraft:mined":{"minecraft:crafting_table":2,"minecraft:granite":4,"minecraft:short_grass":48,"minecraft:grass_block":17,"minecraft:tall_grass":36,"minecraft:lapis_ore":4,"minecraft:wall_torch":1,"minecraft:iron_ore":41,"minecraft:andesite":7,"minecraft:oak_log":13,"minecraft:pointed_dripstone":27,"minecraft:coal_ore":8,"minecraft:deepslate_iron_ore":15,"minecraft:sand":4,"minecraft:dripstone_block":1,"minecraft:dirt":32,"minecraft:stone":77,"minecraft:deepslate":3,"minecraft:oak_leaves":1},"minecraft:crafted":{"minecraft:coal_block":1,"minecraft:oak_planks":24,"minecraft:stone_shovel":1,"minecraft:crafting_table":1,"minecraft:wooden_pickaxe":1,"minecraft:iron_helmet":1,"minecraft:furnace":1,"minecraft:bucket":1,"minecraft:stone_axe":1,"minecraft:air":0,"minecraft:iron_boots":1,"minecraft:iron_chestplate":1,"minecraft:shield":1,"minecraft:stick":12,"minecraft:iron_ingot":31,"minecraft:iron_pickaxe":1,"minecraft:stone_pickaxe":1,"minecraft:stone_sword":1,"minecraft:iron_leggings":1,"minecraft:torch":4},"minecraft:killed_by":{"minecraft:zombie":2},"minecraft:custom":{"minecraft:interact_with_furnace":11,"minecraft:mob_kills":21,"minecraft:interact_with_crafting_table":15,"minecraft:leave_game":3,"minecraft:time_since_death":26083,"minecraft:time_since_rest":26124,"minecraft:sprint_one_cm":54309,"minecraft:damage_taken":1330,"minecraft:walk_one_cm":98569,"minecraft:damage_blocked_by_shield":285,"minecraft:damage_dealt":1951,"minecraft:swim_one_cm":2256,"minecraft:fly_one_cm":75540,"minecraft:player_kills":3,"minecraft:crouch_one_cm":14033,"minecraft:play_time":35133,"minecraft:deaths":3,"minecraft:sneak_time":4790,"minecraft:walk_under_water_one_cm":5032,"minecraft:jump":628,"minecraft:walk_on_water_one_cm":11171,"minecraft:total_world_time":35133,"minecraft:fall_one_cm":18587},"minecraft:killed":{"minecraft:spider":1,"minecraft:sheep":10,"minecraft:skeleton":2,"minecraft:zombie":2,"minecraft:chicken":3,"minecraft:cow":1},"minecraft:picked_up":{"minecraft:crafting_table":3,"minecraft:feather":4,"minecraft:chicken":3,"minecraft:andesite":9,"minecraft:leather":2,"minecraft:wooden_pickaxe":1,"minecraft:oak_log":13,"minecraft:lapis_lazuli":31,"minecraft:dirt":49,"minecraft:bone":5,"minecraft:wheat_seeds":19,"minecraft:cobbled_deepslate":3,"minecraft:beef":10,"minecraft:light_gray_wool":1,"minecraft:oak_planks":33,"minecraft:stick":6,"minecraft:raw_iron":56,"minecraft:torch":1,"minecraft:dripstone_block":3,"minecraft:sand":4,"minecraft:pointed_dripstone":42,"minecraft:arrow":2,"minecraft:rotten_flesh":3,"minecraft:granite":4,"minecraft:mutton":19,"minecraft:coal":10,"minecraft:white_wool":10,"minecraft:cobblestone":81},"minecraft:used":{"minecraft:stone_sword":9,"minecraft:stone_shovel":27,"minecraft:stone_pickaxe":131,"minecraft:shield":4,"minecraft:wooden_pickaxe":39,"minecraft:torch":1,"minecraft:dirt":45,"minecraft:sand":4,"minecraft:crafting_table":3,"minecraft:dripstone_block":3,"minecraft:granite":2,"minecraft:iron_pickaxe":15,"minecraft:stone_axe":1,"minecraft:cobblestone":17,"minecraft:furnace":1,"minecraft:bucket":1,"minecraft:andesite":6,"minecraft:cooked_beef":6,"minecraft:cobbled_deepslate":3}},"DataVersion":3700}