{"stats":{"minecraft:killed":{"minecraft:sheep":6,"minecraft:chicken":3},"minecraft:picked_up":{"minecraft:feather":4,"minecraft:chicken":3,"minecraft:wheat_seeds":2,"minecraft:sand":4,"minecraft:light_gray_wool":1,"minecraft:mutton":10,"minecraft:dirt":2,"minecraft:white_wool":5},"minecraft:killed_by":{"minecraft:zombie":2},"minecraft:used":{"minecraft:sand":4},"minecraft:mined":{"minecraft:short_grass":12,"minecraft:grass_block":2,"minecraft:sand":4,"minecraft:tall_grass":17},"minecraft:custom":{"minecraft:time_since_rest":329,"minecraft:damage_taken":510,"minecraft:play_time":5142,"minecraft:sprint_one_cm":10592,"minecraft:deaths":2,"minecraft:walk_one_cm":9067,"minecraft:walk_under_water_one_cm":184,"minecraft:mob_kills":9,"minecraft:jump":135,"minecraft:damage_dealt":878,"minecraft:leave_game":3,"minecraft:time_since_death":0,"minecraft:walk_on_water_one_cm":1523,"minecraft:total_world_time":5142,"minecraft:swim_one_cm":434,"minecraft:fall_one_cm":2357,"minecraft:fly_one_cm":10869}},"DataVersion":3700}