{"stats":{"minecraft:broken":{"minecraft:stone_pickaxe":1,"minecraft:stone_sword":1,"minecraft:wooden_pickaxe":1},"minecraft:mined":{"minecraft:tuff":7,"minecraft:deepslate_diamond_ore":4,"minecraft:crafting_table":3,"minecraft:torch":2,"minecraft:granite":4,"minecraft:short_grass":48,"minecraft:grass_block":17,"minecraft:tall_grass":36,"minecraft:cobblestone":12,"minecraft:lapis_ore":4,"minecraft:oak_planks":1,"minecraft:diorite":5,"minecraft:wall_torch":5,"minecraft:spawner":1,"minecraft:furnace":1,"minecraft:iron_ore":47,"minecraft:cobbled_deepslate":1,"minecraft:andesite":10,"minecraft:oak_log":13,"minecraft:pointed_dripstone":33,"minecraft:coal_ore":8,"minecraft:deepslate_iron_ore":28,"minecraft:sand":4,"minecraft:dripstone_block":15,"minecraft:dirt":33,"minecraft:cobweb":1,"minecraft:stone":147,"minecraft:gold_ore":1,"minecraft:deepslate":44,"minecraft:oak_leaves":1},"minecraft:crafted":{"minecraft:cooked_beef":2,"minecraft:coal_block":1,"minecraft:oak_planks":52,"minecraft:stone_shovel":1,"minecraft:crafting_table":1,"minecraft:wooden_pickaxe":1,"minecraft:iron_helmet":1,"minecraft:iron_sword":1,"minecraft:furnace":1,"minecraft:bucket":1,"minecraft:stone_axe":1,"minecraft:cooked_mutton":7,"minecraft:air":0,"minecraft:flint_and_steel":1,"minecraft:iron_boots":1,"minecraft:iron_chestplate":1,"minecraft:shield":1,"minecraft:stick":16,"minecraft:iron_ingot":60,"minecraft:iron_pickaxe":1,"minecraft:stone_pickaxe":1,"minecraft:stone_sword":1,"minecraft:iron_leggings":1,"minecraft:torch":4},"minecraft:killed_by":{"minecraft:zombie":2},"minecraft:custom":{"minecraft:interact_with_furnace":19,"minecraft:mob_kills":76,"minecraft:interact_with_crafting_table":16,"minecraft:leave_game":4,"minecraft:time_since_death":66383,"minecraft:time_since_rest":66424,"minecraft:sprint_one_cm":79645,"minecraft:damage_taken":3021,"minecraft:walk_one_cm":337329,"minecraft:damage_blocked_by_shield":960,"minecraft:drop":16,"minecraft:damage_dealt":11628,"minecraft:swim_one_cm":3060,"minecraft:fly_one_cm":88395,"minecraft:player_kills":4,"minecraft:open_chest":5,"minecraft:crouch_one_cm":33126,"minecraft:play_time":75433,"minecraft:deaths":3,"minecraft:sneak_time":10770,"minecraft:walk_under_water_one_cm":6188,"minecraft:jump":1059,"minecraft:walk_on_water_one_cm":14447,"minecraft:total_world_time":75433,"minecraft:fall_one_cm":26435},"minecraft:killed":{"minecraft:cave_spider":1,"minecraft:salmon":1,"minecraft:spider":6,"minecraft:sheep":10,"minecraft:skeleton":8,"minecraft:zombie":44,"minecraft:chicken":3,"minecraft:cow":1},"minecraft:picked_up":{"minecraft:iron_chestplate":1,"minecraft:crafting_table":4,"minecraft:feather":4,"minecraft:cooked_beef":3,"minecraft:chicken":3,"minecraft:salmon":1,"minecraft:andesite":12,"minecraft:leather":2,"minecraft:wooden_pickaxe":1,"minecraft:flint":1,"minecraft:tuff":6,"minecraft:oak_log":13,"minecraft:gunpowder":6,"minecraft:string":10,"minecraft:lapis_lazuli":31,"minecraft:dirt":50,"minecraft:iron_shovel":1,"minecraft:bone":13,"minecraft:bow":1,"minecraft:wheat_seeds":19,"minecraft:cobbled_deepslate":46,"minecraft:raw_gold":1,"minecraft:stone_pickaxe":1,"minecraft:beef":10,"minecraft:light_gray_wool":1,"minecraft:iron_sword":1,"minecraft:oak_planks":40,"minecraft:furnace":1,"minecraft:stick":6,"minecraft:raw_iron":83,"minecraft:torch":11,"minecraft:dripstone_block":22,"minecraft:sand":4,"minecraft:pointed_dripstone":64,"minecraft:diorite":5,"minecraft:spider_eye":4,"minecraft:stone_sword":2,"minecraft:arrow":13,"minecraft:rotten_flesh":48,"minecraft:diamond":4,"minecraft:granite":4,"minecraft:saddle":3,"minecraft:rail":1,"minecraft:mutton":19,"minecraft:coal":18,"minecraft:white_wool":12,"minecraft:cobblestone":164},"minecraft:dropped":{"minecraft:furnace":1,"minecraft:wheat_seeds":13,"minecraft:cooked_beef":2,"minecraft:stone_sword":2,"minecraft:wheat":3,"minecraft:saddle":3,"minecraft:salmon":1,"minecraft:dirt":1,"minecraft:gunpowder":5,"minecraft:andesite":6,"minecraft:bow":1,"minecraft:redstone":2},"minecraft:used":{"minecraft:cooked_mutton":7,"minecraft:water_bucket":13,"minecraft:stone_sword":131,"minecraft:flint_and_steel":1,"minecraft:stone_shovel":27,"minecraft:stone_pickaxe":131,"minecraft:shield":17,"minecraft:wooden_pickaxe":39,"minecraft:iron_sword":88,"minecraft:rotten_flesh":18,"minecraft:torch":11,"minecraft:dirt":45,"minecraft:sand":4,"minecraft:crafting_table":4,"minecraft:dripstone_block":6,"minecraft:granite":4,"minecraft:bread":1,"minecraft:iron_pickaxe":201,"minecraft:stone_axe":3,"minecraft:cobblestone":105,"minecraft:furnace":1,"minecraft:bucket":14,"minecraft:andesite":6,"minecraft:cooked_beef":13,"minecraft:cobbled_deepslate":3}},"DataVersion":3700}