{"stats":{"minecraft:broken":{"minecraft:wooden_pickaxe":1},"minecraft:mined":{"minecraft:crafting_table":2,"minecraft:short_grass":48,"minecraft:coal_ore":4,"minecraft:grass_block":17,"minecraft:oak_log":13,"minecraft:dirt":30,"minecraft:sand":4,"minecraft:tall_grass":36,"minecraft:stone":48,"minecraft:oak_leaves":1},"minecraft:crafted":{"minecraft:oak_planks":24,"minecraft:stone_shovel":1,"minecraft:crafting_table":1,"minecraft:stick":12,"minecraft:wooden_pickaxe":1,"minecraft:stone_pickaxe":1,"minecraft:stone_sword":1,"minecraft:torch":4,"minecraft:stone_axe":1},"minecraft:killed_by":{"minecraft:zombie":2},"minecraft:custom":{"minecraft:time_since_rest":14124,"minecraft:interact_with_furnace":1,"minecraft:sprint_one_cm":50479,"minecraft:damage_taken":905,"minecraft:walk_one_cm":61521,"minecraft:mob_kills":19,"minecraft:damage_dealt":1621,"minecraft:player_kills":1,"minecraft:swim_one_cm":2256,"minecraft:interact_with_crafting_table":6,"minecraft:fly_one_cm":73233,"minecraft:crouch_one_cm":4445,"minecraft:play_time":23133,"minecraft:deaths":3,"minecraft:walk_under_water_one_cm":5032,"minecraft:sneak_time":1796,"minecraft:jump":508,"minecraft:leave_game":3,"minecraft:walk_on_water_one_cm":7252,"minecraft:time_since_death":14083,"minecraft:total_world_time":23133,"minecraft:fall_one_cm":14300},"minecraft:killed":{"minecraft:sheep":10,"minecraft:zombie":2,"minecraft:chicken":3,"minecraft:spider":1,"minecraft:cow":1},"minecraft:picked_up":{"minecraft:stick":6,"minecraft:crafting_table":3,"minecraft:feather":4,"minecraft:chicken":3,"minecraft:andesite":2,"minecraft:leather":2,"minecraft:wooden_pickaxe":1,"minecraft:dripstone_block":2,"minecraft:sand":4,"minecraft:oak_log":13,"minecraft:dirt":47,"minecraft:bone":4,"minecraft:arrow":2,"minecraft:rotten_flesh":3,"minecraft:wheat_seeds":19,"minecraft:beef":10,"minecraft:light_gray_wool":1,"minecraft:coal":6,"minecraft:mutton":19,"minecraft:oak_planks":33,"minecraft:white_wool":10,"minecraft:cobblestone":52},"minecraft:used":{"minecraft:stone_sword":4,"minecraft:stone_shovel":27,"minecraft:stone_pickaxe":13,"minecraft:wooden_pickaxe":39,"minecraft:stone_axe":1,"minecraft:dirt":13,"minecraft:sand":4,"minecraft:cobblestone":8,"minecraft:crafting_table":2,"minecraft:cooked_beef":2}},"DataVersion":3700}