{"stats":{"minecraft:mined":{"minecraft:diamond_ore":3,"minecraft:tuff":7,"minecraft:deepslate_diamond_ore":5,"minecraft:granite":23,"minecraft:grass_block":19,"minecraft:spawner":1,"minecraft:hay_block":23,"minecraft:furnace":1,"minecraft:iron_ore":72,"minecraft:cobbled_deepslate":1,"minecraft:andesite":21,"minecraft:deepslate_lapis_ore":4,"minecraft:pointed_dripstone":33,"minecraft:deepslate_iron_ore":33,"minecraft:rail":1,"minecraft:oak_stairs":2,"minecraft:stone":205,"minecraft:oak_fence":2,"minecraft:crafting_table":5,"minecraft:torch":3,"minecraft:short_grass":69,"minecraft:poppy":1,"minecraft:tall_grass":37,"minecraft:cobblestone":24,"minecraft:lapis_ore":6,"minecraft:oak_planks":8,"minecraft:diorite":10,"minecraft:wall_torch":6,"minecraft:oak_log":13,"minecraft:coal_ore":12,"minecraft:dripstone_block":17,"minecraft:sand":4,"minecraft:dirt":40,"minecraft:cobweb":1,"minecraft:gold_ore":1,"minecraft:oak_leaves":1,"minecraft:deepslate":48},"minecraft:used":{"minecraft:stone_sword":131,"minecraft:iron_shovel":9,"minecraft:flint_and_steel":1,"minecraft:stone_shovel":27,"minecraft:chest":2,"minecraft:shield":17,"minecraft:iron_sword":102,"minecraft:rotten_flesh":32,"minecraft:torch":13,"minecraft:dirt":45,"minecraft:granite":4,"minecraft:lava_bucket":1,"minecraft:hay_block":1,"minecraft:furnace":3,"minecraft:cooked_beef":13,"minecraft:cobbled_deepslate":3,"minecraft:pointed_dripstone":3,"minecraft:cooked_mutton":7,"minecraft:water_bucket":19,"minecraft:diorite":3,"minecraft:stone_pickaxe":188,"minecraft:wooden_pickaxe":39,"minecraft:cauldron":3,"minecraft:sand":4,"minecraft:crafting_table":6,"minecraft:dripstone_block":6,"minecraft:bread":3,"minecraft:iron_pickaxe":300,"minecraft:stone_axe":16,"minecraft:cobblestone":152,"minecraft:bucket":20,"minecraft:andesite":6},"minecraft:picked_up":{"minecraft:crafting_table":6,"minecraft:iron_chestplate":1,"minecraft:chicken":3,"minecraft:wooden_pickaxe":1,"minecraft:oak_stairs":2,"minecraft:string":12,"minecraft:iron_shovel":1,"minecraft:cobbled_deepslate":50,"minecraft:beef":10,"minecraft:light_gray_wool":1,"minecraft:furnace":1,"minecraft:stick":6,"minecraft:raw_iron":113,"minecraft:torch":13,"minecraft:pointed_dripstone":64,"minecraft:diorite":10,"minecraft:stone_sword":2,"minecraft:arrow":13,"minecraft:rotten_flesh":51,"minecraft:hay_block":67,"minecraft:saddle":3,"minecraft:mutton":19,"minecraft:rail":1,"minecraft:white_wool":12,"minecraft:cobblestone":236,"minecraft:feather":4,"minecraft:cooked_beef":3,"minecraft:salmon":1,"minecraft:andesite":12,"minecraft:leather":2,"minecraft:flint":1,"minecraft:tuff":6,"minecraft:oak_log":13,"minecraft:gunpowder":6,"minecraft:lapis_lazuli":69,"minecraft:dirt":50,"minecraft:bone":13,"minecraft:bow":1,"minecraft:wheat_seeds":19,"minecraft:raw_gold":1,"minecraft:stone_pickaxe":1,"minecraft:oak_planks":132,"minecraft:iron_sword":1,"minecraft:dripstone_block":24,"minecraft:sand":4,"minecraft:spider_eye":4,"minecraft:diamond":8,"minecraft:granite":23,"minecraft:coal":22},"minecraft:custom":{"minecraft:mob_kills":80,"minecraft:interact_with_crafting_table":24,"minecraft:leave_game":5,"minecraft:time_since_death":88922,"minecraft:sprint_one_cm":108511,"minecraft:walk_one_cm":464205,"minecraft:damage_blocked_by_shield":960,"minecraft:drop":27,"minecraft:play_time":97972,"minecraft:deaths":3,"minecraft:sneak_time":11775,"minecraft:walk_under_water_one_cm":9779,"minecraft:jump":1418,"minecraft:walk_on_water_one_cm":17222,"minecraft:total_world_time":97972,"minecraft:interact_with_furnace":22,"minecraft:time_since_rest":88963,"minecraft:damage_taken":3361,"minecraft:damage_dealt":12289,"minecraft:swim_one_cm":14280,"minecraft:fly_one_cm":120778,"minecraft:player_kills":4,"minecraft:open_chest":11,"minecraft:crouch_one_cm":36131,"minecraft:fall_one_cm":33269},"minecraft:dropped":{"minecraft:wheat_seeds":13,"minecraft:cooked_beef":2,"minecraft:crafting_table":1,"minecraft:dripstone_block":18,"minecraft:cobblestone":2,"minecraft:saddle":3,"minecraft:stick":5,"minecraft:dirt":1,"minecraft:diorite":2,"minecraft:redstone":2,"minecraft:furnace":1,"minecraft:stone_sword":2,"minecraft:wheat":3,"minecraft:oak_planks":85,"minecraft:salmon":1,"minecraft:hay_block":44,"minecraft:gunpowder":5,"minecraft:andesite":6,"minecraft:bow":1},"minecraft:killed_by":{"minecraft:zombie":2},"minecraft:killed":{"minecraft:cave_spider":2,"minecraft:spider":7,"minecraft:skeleton":8,"minecraft:chicken":3,"minecraft:salmon":1,"minecraft:sheep":10,"minecraft:zombie":46,"minecraft:cow":1},"minecraft:broken":{"minecraft:stone_sword":1,"minecraft:wooden_pickaxe":1,"minecraft:stone_pickaxe":2,"minecraft:iron_pickaxe":1},"minecraft:crafted":{"minecraft:oak_planks":52,"minecraft:stone_shovel":1,"minecraft:furnace":3,"minecraft:cooked_mutton":7,"minecraft:flint_and_steel":1,"minecraft:iron_boots":1,"minecraft:stone_pickaxe":1,"minecraft:chest":2,"minecraft:cooked_beef":2,"minecraft:coal_block":1,"minecraft:cauldron":3,"minecraft:crafting_table":2,"minecraft:wooden_pickaxe":1,"minecraft:iron_helmet":1,"minecraft:iron_sword":1,"minecraft:bucket":1,"minecraft:stone_axe":1,"minecraft:air":0,"minecraft:iron_chestplate":1,"minecraft:diamond_pickaxe":1,"minecraft:shield":1,"minecraft:stick":24,"minecraft:iron_pickaxe":2,"minecraft:iron_ingot":61,"minecraft:stone_sword":1,"minecraft:iron_leggings":1,"minecraft:torch":4}},"DataVersion":3700}