{"stats":{"minecraft:mined":{"minecraft:diamond_ore":4,"minecraft:tuff":7,"minecraft:deepslate_diamond_ore":5,"minecraft:granite":23,"minecraft:stone_brick_wall":24,"minecraft:grass_block":464,"minecraft:soul_soil":41,"minecraft:spawner":1,"minecraft:hay_block":23,"minecraft:tall_seagrass":16,"minecraft:oak_trapdoor":8,"minecraft:glowstone":20,"minecraft:furnace":1,"minecraft:carrots":1,"minecraft:iron_ore":72,"minecraft:cobbled_deepslate":1,"minecraft:fire":1,"minecraft:andesite":21,"minecraft:deepslate_lapis_ore":4,"minecraft:potatoes":180,"minecraft:pointed_dripstone":33,"minecraft:deepslate_iron_ore":33,"minecraft:dirt_path":140,"minecraft:rail":1,"minecraft:oak_stairs":2,"minecraft:stripped_oak_log":13,"minecraft:stone":503,"minecraft:bone_block":40,"minecraft:soul_sand":16,"minecraft:soul_fire":12,"minecraft:dandelion":2,"minecraft:oak_fence":3,"minecraft:crafting_table":5,"minecraft:torch":22,"minecraft:short_grass":191,"minecraft:poppy":1,"minecraft:nether_quartz_ore":3,"minecraft:tall_grass":47,"minecraft:cobblestone":68,"minecraft:lapis_ore":6,"minecraft:oak_planks":13,"minecraft:diorite":10,"minecraft:wall_torch":41,"minecraft:seagrass":8,"minecraft:oak_log":13,"minecraft:coal_ore":39,"minecraft:gravel":13,"minecraft:dripstone_block":17,"minecraft:sand":53,"minecraft:dirt":942,"minecraft:cobweb":1,"minecraft:stone_bricks":6,"minecraft:netherrack":4,"minecraft:gold_ore":1,"minecraft:oak_leaves":1,"minecraft:deepslate":48},"minecraft:crafted":{"minecraft:oak_planks":104,"minecraft:stone_shovel":1,"minecraft:stone_brick_wall":426,"minecraft:furnace":3,"minecraft:bone_meal":318,"minecraft:diamond_shovel":1,"minecraft:cooked_mutton":7,"minecraft:flint_and_steel":1,"minecraft:glass":48,"minecraft:iron_boots":1,"minecraft:stone_pickaxe":1,"minecraft:chest":2,"minecraft:stone_hoe":1,"minecraft:stone_bricks":564,"minecraft:wheat":198,"minecraft:cooked_beef":2,"minecraft:coal_block":1,"minecraft:cauldron":3,"minecraft:diamond_axe":1,"minecraft:crafting_table":2,"minecraft:enchanting_table":1,"minecraft:iron_helmet":1,"minecraft:wooden_pickaxe":1,"minecraft:baked_potato":125,"minecraft:iron_sword":1,"minecraft:bucket":3,"minecraft:stone_axe":1,"minecraft:glowstone":1,"minecraft:air":0,"minecraft:bread":64,"minecraft:iron_chestplate":1,"minecraft:diamond_pickaxe":1,"minecraft:shield":1,"minecraft:stick":60,"minecraft:iron_ingot":114,"minecraft:iron_pickaxe":3,"minecraft:stone_sword":1,"minecraft:iron_shovel":2,"minecraft:iron_leggings":1,"minecraft:torch":108,"minecraft:shears":1,"minecraft:diamond_chestplate":1},"minecraft:used":{"minecraft:stone_sword":131,"minecraft:enchanting_table":1,"minecraft:iron_shovel":1243,"minecraft:flint_and_steel":3,"minecraft:stone_shovel":27,"minecraft:bone_block":4,"minecraft:chest":2,"minecraft:shield":40,"minecraft:iron_sword":144,"minecraft:rotten_flesh":80,"minecraft:stone_hoe":97,"minecraft:netherrack":4,"minecraft:torch":106,"minecraft:soul_sand":7,"minecraft:dirt":1211,"minecraft:carrot":2,"minecraft:salmon_bucket":3,"minecraft:granite":4,"minecraft:milk_bucket":2,"minecraft:glass":28,"minecraft:lava_bucket":15,"minecraft:bookshelf":24,"minecraft:iron_boots":1,"minecraft:stone_bricks":144,"minecraft:diamond_chestplate":1,"minecraft:glowstone":1,"minecraft:hay_block":1,"minecraft:soul_soil":3,"minecraft:furnace":3,"minecraft:potato":259,"minecraft:cooked_beef":13,"minecraft:cobbled_deepslate":3,"minecraft:pointed_dripstone":3,"minecraft:seagrass":14,"minecraft:cooked_mutton":7,"minecraft:water_bucket":69,"minecraft:diorite":3,"minecraft:cow_spawn_egg":1,"minecraft:stone_pickaxe":188,"minecraft:baked_potato":7,"minecraft:oak_planks":11,"minecraft:wooden_pickaxe":39,"minecraft:cauldron":3,"minecraft:diamond_axe":9,"minecraft:sand":5,"minecraft:crafting_table":6,"minecraft:stone_brick_wall":333,"minecraft:dripstone_block":6,"minecraft:diamond_shovel":473,"minecraft:bread":12,"minecraft:iron_pickaxe":761,"minecraft:gravel":9,"minecraft:stone_axe":32,"minecraft:cobblestone":448,"minecraft:andesite":6,"minecraft:bucket":93,"minecraft:bone_meal":273},"minecraft:picked_up":{"minecraft:seagrass":36,"minecraft:crafting_table":6,"minecraft:iron_chestplate":2,"minecraft:wheat":6,"minecraft:chicken":3,"minecraft:wooden_pickaxe":1,"minecraft:oak_stairs":2,"minecraft:stone_brick_wall":23,"minecraft:shield":1,"minecraft:string":12,"minecraft:oak_trapdoor":8,"minecraft:soul_soil":38,"minecraft:iron_leggings":1,"minecraft:iron_shovel":1,"minecraft:cobbled_deepslate":50,"minecraft:beef":10,"minecraft:poppy":1,"minecraft:iron_pickaxe":1,"minecraft:light_gray_wool":1,"minecraft:furnace":1,"minecraft:phantom_membrane":1,"minecraft:iron_boots":1,"minecraft:stick":6,"minecraft:raw_iron":113,"minecraft:stone":2,"minecraft:oak_fence":1,"minecraft:torch":72,"minecraft:pointed_dripstone":64,"minecraft:diorite":10,"minecraft:carrot":2,"minecraft:stone_sword":2,"minecraft:arrow":13,"minecraft:rotten_flesh":66,"minecraft:shears":1,"minecraft:hay_block":67,"minecraft:saddle":3,"minecraft:mutton":19,"minecraft:bone_block":39,"minecraft:rail":1,"minecraft:white_wool":12,"minecraft:cobblestone":642,"minecraft:oxeye_daisy":1,"minecraft:stripped_oak_log":13,"minecraft:feather":4,"minecraft:cooked_beef":3,"minecraft:andesite":12,"minecraft:salmon":1,"minecraft:leather":2,"minecraft:potato":630,"minecraft:flint":5,"minecraft:tuff":6,"minecraft:oak_log":13,"minecraft:gunpowder":6,"minecraft:lapis_lazuli":69,"minecraft:dirt":1510,"minecraft:glass":6,"minecraft:bone":14,"minecraft:stone_bricks":44,"minecraft:bow":1,"minecraft:wheat_seeds":163,"minecraft:raw_gold":1,"minecraft:iron_ingot":3,"minecraft:stone_pickaxe":1,"minecraft:glowstone_dust":53,"minecraft:iron_sword":3,"minecraft:oak_planks":165,"minecraft:soul_sand":25,"minecraft:quartz":1,"minecraft:dandelion":3,"minecraft:poisonous_potato":6,"minecraft:dripstone_block":24,"minecraft:gravel":18,"minecraft:sand":53,"minecraft:spider_eye":4,"minecraft:diamond":9,"minecraft:iron_helmet":1,"minecraft:granite":23,"minecraft:bone_meal":6,"minecraft:netherrack":4,"minecraft:coal":58},"minecraft:broken":{"minecraft:iron_shovel":3,"minecraft:stone_sword":1,"minecraft:wooden_pickaxe":1,"minecraft:stone_pickaxe":2,"minecraft:shield":1,"minecraft:iron_pickaxe":3},"minecraft:dropped":{"minecraft:wheat_seeds":16,"minecraft:cooked_beef":2,"minecraft:crafting_table":1,"minecraft:dripstone_block":18,"minecraft:feather":24,"minecraft:cobblestone":2,"minecraft:saddle":3,"minecraft:flint":4,"minecraft:stick":5,"minecraft:dirt":1,"minecraft:diorite":2,"minecraft:phantom_membrane":1,"minecraft:redstone":2,"minecraft:furnace":1,"minecraft:stone_sword":2,"minecraft:wheat":3,"minecraft:oak_planks":85,"minecraft:salmon":1,"minecraft:hay_block":44,"minecraft:gunpowder":5,"minecraft:iron_chestplate":2,"minecraft:andesite":6,"minecraft:bow":1,"minecraft:quartz":1},"minecraft:custom":{"minecraft:mob_kills":88,"minecraft:interact_with_crafting_table":42,"minecraft:fill_cauldron":2,"minecraft:leave_game":7,"minecraft:time_since_death":57456,"minecraft:sprint_one_cm":343328,"minecraft:walk_one_cm":1412216,"minecraft:damage_blocked_by_shield":2385,"minecraft:drop":48,"minecraft:talked_to_villager":5,"minecraft:play_time":253848,"minecraft:sneak_time":20856,"minecraft:deaths":4,"minecraft:walk_under_water_one_cm":29097,"minecraft:jump":3669,"minecraft:walk_on_water_one_cm":35751,"minecraft:total_world_time":253848,"minecraft:interact_with_furnace":51,"minecraft:sleep_in_bed":8,"minecraft:time_since_rest":3125,"minecraft:damage_taken":4873,"minecraft:damage_dealt":14314,"minecraft:player_kills":4,"minecraft:swim_one_cm":23021,"minecraft:fly_one_cm":411202,"minecraft:open_chest":42,"minecraft:crouch_one_cm":66082,"minecraft:fall_one_cm":84686,"minecraft:use_cauldron":17},"minecraft:killed":{"minecraft:cave_spider":2,"minecraft:spider":7,"minecraft:skeleton":8,"minecraft:chicken":3,"minecraft:salmon":1,"minecraft:iron_golem":1,"minecraft:creeper":1,"minecraft:sheep":10,"minecraft:zombie":50,"minecraft:cow":1},"minecraft:killed_by":{"minecraft:enderman":1,"minecraft:zombie":2}},"DataVersion":3700}