{"stats":{"minecraft:mined":{"minecraft:tuff":7,"minecraft:deepslate_diamond_ore":5,"minecraft:oak_fence":2,"minecraft:crafting_table":4,"minecraft:torch":2,"minecraft:granite":4,"minecraft:short_grass":48,"minecraft:grass_block":17,"minecraft:tall_grass":36,"minecraft:cobblestone":23,"minecraft:lapis_ore":6,"minecraft:oak_planks":2,"minecraft:diorite":5,"minecraft:wall_torch":5,"minecraft:spawner":1,"minecraft:furnace":1,"minecraft:iron_ore":47,"minecraft:cobbled_deepslate":1,"minecraft:andesite":10,"minecraft:deepslate_lapis_ore":4,"minecraft:coal_ore":8,"minecraft:pointed_dripstone":33,"minecraft:oak_log":13,"minecraft:deepslate_iron_ore":28,"minecraft:rail":1,"minecraft:sand":4,"minecraft:dripstone_block":15,"minecraft:dirt":33,"minecraft:cobweb":1,"minecraft:stone":148,"minecraft:gold_ore":1,"minecraft:oak_leaves":1,"minecraft:deepslate":48},"minecraft:picked_up":{"minecraft:iron_chestplate":1,"minecraft:crafting_table":5,"minecraft:feather":4,"minecraft:cooked_beef":3,"minecraft:chicken":3,"minecraft:andesite":12,"minecraft:salmon":1,"minecraft:leather":2,"minecraft:wooden_pickaxe":1,"minecraft:flint":1,"minecraft:tuff":6,"minecraft:oak_log":13,"minecraft:gunpowder":6,"minecraft:lapis_lazuli":69,"minecraft:dirt":50,"minecraft:string":12,"minecraft:iron_shovel":1,"minecraft:bone":13,"minecraft:bow":1,"minecraft:wheat_seeds":19,"minecraft:cobbled_deepslate":50,"minecraft:raw_gold":1,"minecraft:beef":10,"minecraft:stone_pickaxe":1,"minecraft:light_gray_wool":1,"minecraft:iron_sword":1,"minecraft:oak_planks":41,"minecraft:furnace":1,"minecraft:raw_iron":83,"minecraft:stick":6,"minecraft:torch":11,"minecraft:dripstone_block":22,"minecraft:sand":4,"minecraft:pointed_dripstone":64,"minecraft:diorite":5,"minecraft:spider_eye":4,"minecraft:stone_sword":2,"minecraft:arrow":13,"minecraft:rotten_flesh":50,"minecraft:diamond":5,"minecraft:granite":4,"minecraft:saddle":3,"minecraft:mutton":19,"minecraft:coal":18,"minecraft:white_wool":12,"minecraft:rail":1,"minecraft:cobblestone":176},"minecraft:used":{"minecraft:cooked_mutton":7,"minecraft:water_bucket":15,"minecraft:stone_sword":131,"minecraft:flint_and_steel":1,"minecraft:stone_shovel":27,"minecraft:stone_pickaxe":131,"minecraft:wooden_pickaxe":39,"minecraft:shield":17,"minecraft:iron_sword":99,"minecraft:rotten_flesh":27,"minecraft:torch":11,"minecraft:dirt":45,"minecraft:sand":4,"minecraft:crafting_table":4,"minecraft:dripstone_block":6,"minecraft:granite":4,"minecraft:bread":1,"minecraft:iron_pickaxe":225,"minecraft:stone_axe":7,"minecraft:cobblestone":137,"minecraft:furnace":1,"minecraft:andesite":6,"minecraft:bucket":16,"minecraft:cooked_beef":13,"minecraft:cobbled_deepslate":3},"minecraft:custom":{"minecraft:interact_with_furnace":19,"minecraft:mob_kills":79,"minecraft:interact_with_crafting_table":16,"minecraft:leave_game":4,"minecraft:time_since_death":71977,"minecraft:time_since_rest":72018,"minecraft:sprint_one_cm":79976,"minecraft:damage_taken":3209,"minecraft:walk_one_cm":394847,"minecraft:damage_blocked_by_shield":960,"minecraft:drop":17,"minecraft:damage_dealt":12108,"minecraft:player_kills":4,"minecraft:swim_one_cm":3060,"minecraft:fly_one_cm":88634,"minecraft:open_chest":5,"minecraft:play_time":81027,"minecraft:crouch_one_cm":34454,"minecraft:deaths":3,"minecraft:sneak_time":11208,"minecraft:walk_under_water_one_cm":6557,"minecraft:jump":1129,"minecraft:walk_on_water_one_cm":14719,"minecraft:total_world_time":81027,"minecraft:fall_one_cm":27674},"minecraft:dropped":{"minecraft:furnace":1,"minecraft:wheat_seeds":13,"minecraft:cooked_beef":2,"minecraft:stone_sword":2,"minecraft:wheat":3,"minecraft:saddle":3,"minecraft:salmon":1,"minecraft:stick":3,"minecraft:dirt":1,"minecraft:gunpowder":5,"minecraft:andesite":6,"minecraft:bow":1,"minecraft:redstone":2},"minecraft:killed_by":{"minecraft:zombie":2},"minecraft:killed":{"minecraft:cave_spider":2,"minecraft:salmon":1,"minecraft:spider":7,"minecraft:sheep":10,"minecraft:skeleton":8,"minecraft:zombie":45,"minecraft:chicken":3,"minecraft:cow":1},"minecraft:crafted":{"minecraft:cooked_beef":2,"minecraft:coal_block":1,"minecraft:oak_planks":52,"minecraft:stone_shovel":1,"minecraft:crafting_table":1,"minecraft:iron_helmet":1,"minecraft:wooden_pickaxe":1,"minecraft:iron_sword":1,"minecraft:furnace":1,"minecraft:bucket":1,"minecraft:stone_axe":1,"minecraft:cooked_mutton":7,"minecraft:air":0,"minecraft:flint_and_steel":1,"minecraft:iron_boots":1,"minecraft:iron_chestplate":1,"minecraft:shield":1,"minecraft:stick":16,"minecraft:iron_ingot":60,"minecraft:iron_pickaxe":1,"minecraft:stone_pickaxe":1,"minecraft:stone_sword":1,"minecraft:iron_leggings":1,"minecraft:torch":4},"minecraft:broken":{"minecraft:stone_pickaxe":1,"minecraft:stone_sword":1,"minecraft:wooden_pickaxe":1}},"DataVersion":3700}