{"stats":{"minecraft:mined":{"minecraft:diamond_ore":4,"minecraft:tuff":7,"minecraft:deepslate_diamond_ore":5,"minecraft:granite":23,"minecraft:grass_block":343,"minecraft:soul_soil":36,"minecraft:spawner":1,"minecraft:hay_block":23,"minecraft:tall_seagrass":16,"minecraft:furnace":1,"minecraft:carrots":1,"minecraft:iron_ore":72,"minecraft:fire":1,"minecraft:cobbled_deepslate":1,"minecraft:andesite":21,"minecraft:deepslate_lapis_ore":4,"minecraft:rail":1,"minecraft:pointed_dripstone":33,"minecraft:potatoes":35,"minecraft:deepslate_iron_ore":33,"minecraft:dirt_path":105,"minecraft:oak_stairs":2,"minecraft:stripped_oak_log":13,"minecraft:stone":448,"minecraft:soul_sand":16,"minecraft:oak_fence":2,"minecraft:crafting_table":5,"minecraft:torch":19,"minecraft:short_grass":173,"minecraft:poppy":1,"minecraft:tall_grass":44,"minecraft:cobblestone":40,"minecraft:lapis_ore":6,"minecraft:oak_planks":11,"minecraft:diorite":10,"minecraft:wall_torch":33,"minecraft:seagrass":8,"minecraft:oak_log":13,"minecraft:coal_ore":23,"minecraft:dripstone_block":17,"minecraft:gravel":13,"minecraft:sand":53,"minecraft:dirt":706,"minecraft:cobweb":1,"minecraft:gold_ore":1,"minecraft:oak_leaves":1,"minecraft:deepslate":48},"minecraft:crafted":{"minecraft:oak_planks":104,"minecraft:stone_shovel":1,"minecraft:furnace":3,"minecraft:bone_meal":3,"minecraft:cooked_mutton":7,"minecraft:flint_and_steel":1,"minecraft:glass":34,"minecraft:iron_boots":1,"minecraft:stone_pickaxe":1,"minecraft:chest":2,"minecraft:stone_hoe":1,"minecraft:stone_bricks":68,"minecraft:wheat":198,"minecraft:cooked_beef":2,"minecraft:coal_block":1,"minecraft:cauldron":3,"minecraft:crafting_table":2,"minecraft:wooden_pickaxe":1,"minecraft:iron_helmet":1,"minecraft:iron_sword":1,"minecraft:bucket":1,"minecraft:stone_axe":1,"minecraft:bread":64,"minecraft:air":0,"minecraft:iron_chestplate":1,"minecraft:diamond_pickaxe":1,"minecraft:shield":1,"minecraft:stick":32,"minecraft:iron_pickaxe":3,"minecraft:iron_ingot":114,"minecraft:stone_sword":1,"minecraft:iron_shovel":2,"minecraft:iron_leggings":1,"minecraft:torch":12,"minecraft:shears":1},"minecraft:used":{"minecraft:stone_sword":131,"minecraft:iron_shovel":1243,"minecraft:flint_and_steel":3,"minecraft:stone_shovel":27,"minecraft:chest":2,"minecraft:shield":17,"minecraft:iron_sword":136,"minecraft:rotten_flesh":67,"minecraft:stone_hoe":97,"minecraft:torch":68,"minecraft:soul_sand":7,"minecraft:dirt":1102,"minecraft:carrot":2,"minecraft:salmon_bucket":3,"minecraft:granite":4,"minecraft:milk_bucket":2,"minecraft:glass":28,"minecraft:lava_bucket":15,"minecraft:stone_bricks":30,"minecraft:hay_block":1,"minecraft:furnace":3,"minecraft:cooked_beef":13,"minecraft:potato":110,"minecraft:cobbled_deepslate":3,"minecraft:seagrass":14,"minecraft:pointed_dripstone":3,"minecraft:cooked_mutton":7,"minecraft:water_bucket":67,"minecraft:diorite":3,"minecraft:stone_pickaxe":188,"minecraft:wooden_pickaxe":39,"minecraft:cauldron":3,"minecraft:sand":5,"minecraft:crafting_table":6,"minecraft:dripstone_block":6,"minecraft:bread":12,"minecraft:iron_pickaxe":574,"minecraft:stone_axe":32,"minecraft:cobblestone":309,"minecraft:andesite":6,"minecraft:bucket":88,"minecraft:bone_meal":9},"minecraft:picked_up":{"minecraft:seagrass":25,"minecraft:crafting_table":6,"minecraft:iron_chestplate":1,"minecraft:chicken":3,"minecraft:wooden_pickaxe":1,"minecraft:oak_stairs":2,"minecraft:soul_soil":35,"minecraft:string":12,"minecraft:iron_shovel":1,"minecraft:cobbled_deepslate":50,"minecraft:beef":10,"minecraft:light_gray_wool":1,"minecraft:furnace":1,"minecraft:phantom_membrane":1,"minecraft:stick":6,"minecraft:raw_iron":113,"minecraft:torch":58,"minecraft:pointed_dripstone":64,"minecraft:diorite":10,"minecraft:carrot":2,"minecraft:rotten_flesh":54,"minecraft:stone_sword":2,"minecraft:arrow":13,"minecraft:hay_block":67,"minecraft:saddle":3,"minecraft:mutton":19,"minecraft:cobblestone":484,"minecraft:rail":1,"minecraft:white_wool":12,"minecraft:stripped_oak_log":13,"minecraft:feather":4,"minecraft:cooked_beef":3,"minecraft:andesite":12,"minecraft:salmon":1,"minecraft:leather":2,"minecraft:potato":114,"minecraft:flint":5,"minecraft:tuff":6,"minecraft:oak_log":13,"minecraft:gunpowder":6,"minecraft:lapis_lazuli":69,"minecraft:dirt":1114,"minecraft:bone":14,"minecraft:bow":1,"minecraft:wheat_seeds":101,"minecraft:raw_gold":1,"minecraft:stone_pickaxe":1,"minecraft:iron_ingot":3,"minecraft:soul_sand":16,"minecraft:iron_sword":1,"minecraft:oak_planks":135,"minecraft:dripstone_block":24,"minecraft:gravel":9,"minecraft:sand":53,"minecraft:spider_eye":4,"minecraft:diamond":9,"minecraft:granite":23,"minecraft:bone_meal":6,"minecraft:coal":33},"minecraft:broken":{"minecraft:iron_shovel":3,"minecraft:stone_sword":1,"minecraft:wooden_pickaxe":1,"minecraft:stone_pickaxe":2,"minecraft:iron_pickaxe":2},"minecraft:dropped":{"minecraft:wheat_seeds":16,"minecraft:cooked_beef":2,"minecraft:crafting_table":1,"minecraft:dripstone_block":18,"minecraft:feather":24,"minecraft:cobblestone":2,"minecraft:saddle":3,"minecraft:flint":4,"minecraft:stick":5,"minecraft:dirt":1,"minecraft:diorite":2,"minecraft:phantom_membrane":1,"minecraft:redstone":2,"minecraft:furnace":1,"minecraft:stone_sword":2,"minecraft:wheat":3,"minecraft:oak_planks":85,"minecraft:salmon":1,"minecraft:hay_block":44,"minecraft:gunpowder":5,"minecraft:andesite":6,"minecraft:bow":1},"minecraft:custom":{"minecraft:mob_kills":86,"minecraft:interact_with_crafting_table":32,"minecraft:fill_cauldron":2,"minecraft:leave_game":6,"minecraft:time_since_death":186113,"minecraft:sprint_one_cm":246120,"minecraft:walk_one_cm":1082460,"minecraft:damage_blocked_by_shield":960,"minecraft:drop":45,"minecraft:talked_to_villager":2,"minecraft:play_time":195163,"minecraft:deaths":3,"minecraft:sneak_time":18331,"minecraft:walk_under_water_one_cm":29097,"minecraft:jump":2841,"minecraft:walk_on_water_one_cm":34638,"minecraft:total_world_time":195163,"minecraft:interact_with_furnace":36,"minecraft:sleep_in_bed":5,"minecraft:time_since_rest":11617,"minecraft:damage_taken":4219,"minecraft:damage_dealt":14224,"minecraft:swim_one_cm":23021,"minecraft:fly_one_cm":308729,"minecraft:player_kills":4,"minecraft:open_chest":27,"minecraft:crouch_one_cm":57010,"minecraft:use_cauldron":14,"minecraft:fall_one_cm":66412},"minecraft:killed":{"minecraft:cave_spider":2,"minecraft:spider":7,"minecraft:skeleton":8,"minecraft:chicken":3,"minecraft:salmon":1,"minecraft:iron_golem":1,"minecraft:creeper":1,"minecraft:sheep":10,"minecraft:zombie":49,"minecraft:cow":1},"minecraft:killed_by":{"minecraft:zombie":2}},"DataVersion":3700}