{"stats":{"minecraft:mined":{"minecraft:nether_gold_ore":7,"minecraft:deepslate_redstone_ore":5,"minecraft:tuff":2,"minecraft:soul_sand":4,"minecraft:cherry_log":3,"minecraft:crafting_table":2,"minecraft:torch":2,"minecraft:short_grass":15,"minecraft:grass_block":16,"minecraft:soul_soil":4,"minecraft:tall_grass":4,"minecraft:cobblestone":10,"minecraft:deepslate_gold_ore":8,"minecraft:oak_planks":3,"minecraft:wall_torch":7,"minecraft:spawner":1,"minecraft:smooth_stone":8,"minecraft:furnace":1,"minecraft:carrots":20,"minecraft:iron_ore":3,"minecraft:wheat":55,"minecraft:andesite":14,"minecraft:stripped_oak_wood":3,"minecraft:deepslate_lapis_ore":6,"minecraft:yellow_bed":2,"minecraft:azure_bluet":1,"minecraft:oak_log":4,"minecraft:potatoes":12,"minecraft:coal_ore":27,"minecraft:deepslate_iron_ore":20,"minecraft:gravel":91,"minecraft:dirt":17,"minecraft:cobweb":22,"minecraft:stone":44,"minecraft:netherrack":23,"minecraft:oak_leaves":2,"minecraft:white_wool":3,"minecraft:deepslate":13},"minecraft:crafted":{"minecraft:cooked_beef":23,"minecraft:cherry_planks":12,"minecraft:crossbow":1,"minecraft:oak_planks":28,"minecraft:arrow":24,"minecraft:tripwire_hook":2,"minecraft:cooked_porkchop":11,"minecraft:crafting_table":2,"minecraft:wooden_pickaxe":1,"minecraft:baked_potato":28,"minecraft:cooked_chicken":3,"minecraft:furnace":1,"minecraft:bone_meal":12,"minecraft:stone_axe":1,"minecraft:cooked_mutton":5,"minecraft:bread":13,"minecraft:iron_boots":1,"minecraft:iron_axe":1,"minecraft:stick":28,"minecraft:iron_ingot":16,"minecraft:iron_pickaxe":1,"minecraft:stone_pickaxe":1,"minecraft:stone_sword":1,"minecraft:gold_ingot":8,"minecraft:chest":1,"minecraft:iron_shovel":1,"minecraft:torch":20},"minecraft:picked_up":{"minecraft:crafting_table":2,"minecraft:wheat":39,"minecraft:azure_bluet":1,"minecraft:feather":26,"minecraft:chicken":3,"minecraft:water_bucket":1,"minecraft:andesite":15,"minecraft:leather":14,"minecraft:potato":45,"minecraft:flint":10,"minecraft:tuff":2,"minecraft:oak_log":4,"minecraft:yellow_bed":2,"minecraft:shield":2,"minecraft:gunpowder":2,"minecraft:lapis_lazuli":38,"minecraft:dirt":31,"minecraft:string":20,"minecraft:soul_soil":51,"minecraft:flint_and_steel":1,"minecraft:bone":6,"minecraft:gold_nugget":35,"minecraft:wheat_seeds":129,"minecraft:cobbled_deepslate":13,"minecraft:smooth_stone":8,"minecraft:raw_gold":8,"minecraft:iron_ingot":52,"minecraft:beef":23,"minecraft:stripped_oak_wood":3,"minecraft:stone_hoe":1,"minecraft:oak_planks":3,"minecraft:soul_sand":3,"minecraft:iron_boots":1,"minecraft:furnace":1,"minecraft:egg":4,"minecraft:raw_iron":24,"minecraft:torch":30,"minecraft:quartz":4,"minecraft:gravel":85,"minecraft:porkchop":11,"minecraft:cherry_log":3,"minecraft:carrot":77,"minecraft:redstone":20,"minecraft:arrow":1,"minecraft:rotten_flesh":4,"minecraft:crossbow":1,"minecraft:bone_block":1,"minecraft:bread":58,"minecraft:netherrack":19,"minecraft:mutton":6,"minecraft:coal":49,"minecraft:rail":2,"minecraft:white_wool":7,"minecraft:cobblestone":72},"minecraft:used":{"minecraft:wheat_seeds":61,"minecraft:stone_sword":43,"minecraft:iron_shovel":72,"minecraft:stone_pickaxe":113,"minecraft:baked_potato":4,"minecraft:oak_planks":6,"minecraft:chest":1,"minecraft:shield":13,"minecraft:wooden_pickaxe":16,"minecraft:cooked_chicken":3,"minecraft:white_wool":3,"minecraft:torch":49,"minecraft:dirt":26,"minecraft:mutton":1,"minecraft:crafting_table":3,"minecraft:carrot":27,"minecraft:crossbow":5,"minecraft:azure_bluet":1,"minecraft:iron_axe":11,"minecraft:bread":4,"minecraft:iron_pickaxe":81,"minecraft:gravel":79,"minecraft:stone_axe":79,"minecraft:cobblestone":20,"minecraft:oak_sapling":1,"minecraft:furnace":2,"minecraft:cooked_porkchop":3,"minecraft:andesite":13,"minecraft:yellow_bed":2,"minecraft:egg":1,"minecraft:cooked_beef":5,"minecraft:potato":17,"minecraft:bone_meal":6},"minecraft:dropped":{"minecraft:wheat_seeds":68,"minecraft:crossbow":1,"minecraft:raw_iron":8,"minecraft:cobblestone":19,"minecraft:shield":2,"minecraft:bone_meal":6},"minecraft:custom":{"minecraft:interact_with_furnace":30,"minecraft:mob_kills":27,"minecraft:interact_with_crafting_table":20,"minecraft:time_since_death":115313,"minecraft:sleep_in_bed":11,"minecraft:time_since_rest":23617,"minecraft:sprint_one_cm":272350,"minecraft:damage_taken":1548,"minecraft:walk_one_cm":311462,"minecraft:damage_blocked_by_shield":795,"minecraft:drop":46,"minecraft:damage_dealt":2423,"minecraft:swim_one_cm":342,"minecraft:talked_to_villager":1,"minecraft:fly_one_cm":308336,"minecraft:open_chest":23,"minecraft:crouch_one_cm":1289,"minecraft:play_time":117863,"minecraft:deaths":2,"minecraft:sneak_time":229,"minecraft:walk_under_water_one_cm":1784,"minecraft:jump":2419,"minecraft:interact_with_blast_furnace":6,"minecraft:walk_on_water_one_cm":14467,"minecraft:total_world_time":117863,"minecraft:fall_one_cm":45794},"minecraft:killed":{"minecraft:pig":5,"minecraft:skeleton":1,"minecraft:sheep":4,"minecraft:zombie":1,"minecraft:ghast":1,"minecraft:chicken":3,"minecraft:cow":10},"minecraft:killed_by":{"minecraft:zombie":1}},"DataVersion":3700}