{"stats":{"minecraft:mined":{"minecraft:deepslate_redstone_ore":5,"minecraft:tuff":2,"minecraft:cherry_log":3,"minecraft:crafting_table":2,"minecraft:torch":2,"minecraft:short_grass":13,"minecraft:grass_block":12,"minecraft:tall_grass":4,"minecraft:cobblestone":1,"minecraft:deepslate_gold_ore":8,"minecraft:oak_planks":3,"minecraft:wall_torch":7,"minecraft:spawner":1,"minecraft:smooth_stone":8,"minecraft:furnace":1,"minecraft:carrots":20,"minecraft:iron_ore":3,"minecraft:wheat":55,"minecraft:andesite":14,"minecraft:stripped_oak_wood":3,"minecraft:deepslate_lapis_ore":6,"minecraft:yellow_bed":2,"minecraft:azure_bluet":1,"minecraft:oak_log":4,"minecraft:potatoes":12,"minecraft:coal_ore":27,"minecraft:deepslate_iron_ore":20,"minecraft:gravel":27,"minecraft:dirt":17,"minecraft:cobweb":22,"minecraft:stone":44,"minecraft:oak_leaves":2,"minecraft:white_wool":3,"minecraft:deepslate":13},"minecraft:crafted":{"minecraft:cooked_beef":23,"minecraft:cherry_planks":12,"minecraft:crossbow":1,"minecraft:oak_planks":28,"minecraft:tripwire_hook":2,"minecraft:cooked_porkchop":11,"minecraft:crafting_table":2,"minecraft:wooden_pickaxe":1,"minecraft:baked_potato":28,"minecraft:cooked_chicken":3,"minecraft:furnace":1,"minecraft:bone_meal":12,"minecraft:stone_axe":1,"minecraft:cooked_mutton":5,"minecraft:bread":13,"minecraft:iron_boots":1,"minecraft:iron_axe":1,"minecraft:stick":24,"minecraft:iron_ingot":16,"minecraft:iron_pickaxe":1,"minecraft:stone_pickaxe":1,"minecraft:stone_sword":1,"minecraft:chest":1,"minecraft:iron_shovel":1,"minecraft:torch":20},"minecraft:picked_up":{"minecraft:crafting_table":2,"minecraft:wheat":39,"minecraft:azure_bluet":1,"minecraft:feather":26,"minecraft:chicken":3,"minecraft:andesite":15,"minecraft:leather":14,"minecraft:potato":45,"minecraft:tuff":2,"minecraft:oak_log":4,"minecraft:yellow_bed":2,"minecraft:lapis_lazuli":38,"minecraft:dirt":27,"minecraft:string":20,"minecraft:bone":6,"minecraft:wheat_seeds":129,"minecraft:cobbled_deepslate":13,"minecraft:smooth_stone":8,"minecraft:raw_gold":8,"minecraft:beef":23,"minecraft:stripped_oak_wood":3,"minecraft:oak_planks":3,"minecraft:furnace":1,"minecraft:egg":4,"minecraft:raw_iron":24,"minecraft:torch":30,"minecraft:gravel":27,"minecraft:porkchop":11,"minecraft:cherry_log":3,"minecraft:carrot":77,"minecraft:redstone":20,"minecraft:arrow":1,"minecraft:rotten_flesh":4,"minecraft:crossbow":1,"minecraft:mutton":6,"minecraft:coal":49,"minecraft:rail":2,"minecraft:white_wool":7,"minecraft:cobblestone":45},"minecraft:used":{"minecraft:wheat_seeds":61,"minecraft:stone_sword":43,"minecraft:iron_shovel":4,"minecraft:stone_pickaxe":113,"minecraft:baked_potato":4,"minecraft:oak_planks":6,"minecraft:chest":1,"minecraft:shield":2,"minecraft:wooden_pickaxe":16,"minecraft:cooked_chicken":3,"minecraft:white_wool":3,"minecraft:torch":49,"minecraft:dirt":26,"minecraft:mutton":1,"minecraft:crafting_table":3,"minecraft:carrot":27,"minecraft:azure_bluet":1,"minecraft:bread":4,"minecraft:iron_pickaxe":38,"minecraft:gravel":14,"minecraft:stone_axe":79,"minecraft:cobblestone":10,"minecraft:oak_sapling":1,"minecraft:furnace":2,"minecraft:cooked_porkchop":1,"minecraft:andesite":13,"minecraft:yellow_bed":2,"minecraft:egg":1,"minecraft:cooked_beef":2,"minecraft:potato":17,"minecraft:bone_meal":6},"minecraft:dropped":{"minecraft:wheat_seeds":53,"minecraft:crossbow":1,"minecraft:raw_iron":8,"minecraft:bone_meal":6},"minecraft:custom":{"minecraft:interact_with_furnace":28,"minecraft:mob_kills":25,"minecraft:interact_with_crafting_table":16,"minecraft:time_since_death":91313,"minecraft:sleep_in_bed":11,"minecraft:time_since_rest":0,"minecraft:sprint_one_cm":226945,"minecraft:damage_taken":1166,"minecraft:walk_one_cm":246771,"minecraft:damage_blocked_by_shield":120,"minecraft:drop":10,"minecraft:damage_dealt":2138,"minecraft:talked_to_villager":1,"minecraft:fly_one_cm":264377,"minecraft:open_chest":21,"minecraft:crouch_one_cm":1263,"minecraft:play_time":93863,"minecraft:deaths":2,"minecraft:sneak_time":210,"minecraft:walk_under_water_one_cm":1730,"minecraft:jump":1921,"minecraft:interact_with_blast_furnace":6,"minecraft:walk_on_water_one_cm":12868,"minecraft:total_world_time":93863,"minecraft:fall_one_cm":36226},"minecraft:killed":{"minecraft:pig":5,"minecraft:skeleton":1,"minecraft:sheep":4,"minecraft:zombie":1,"minecraft:chicken":3,"minecraft:cow":10},"minecraft:killed_by":{"minecraft:zombie":1}},"DataVersion":3700}