{"stats":{"minecraft:used":{"minecraft:egg":1},"minecraft:picked_up":{"minecraft:arrow":1,"minecraft:bone":2,"minecraft:egg":1},"minecraft:custom":{"minecraft:jump":229,"minecraft:time_since_rest":1341,"minecraft:deaths":2,"minecraft:crouch_one_cm":50,"minecraft:damage_dealt":28,"minecraft:sprint_one_cm":18539,"minecraft:play_time":3863,"minecraft:damage_taken":635,"minecraft:time_since_death":1313,"minecraft:walk_one_cm":7132,"minecraft:sneak_time":5,"minecraft:total_world_time":3863,"minecraft:fall_one_cm":8408,"minecraft:fly_one_cm":46255},"minecraft:killed_by":{"minecraft:zombie":1}},"DataVersion":3700}