{"stats":{"minecraft:mined":{"minecraft:carrots":19,"minecraft:wheat":51,"minecraft:cherry_log":3,"minecraft:stripped_oak_wood":1,"minecraft:crafting_table":2,"minecraft:yellow_bed":1,"minecraft:azure_bluet":1,"minecraft:short_grass":2,"minecraft:coal_ore":13,"minecraft:grass_block":5,"minecraft:potatoes":12,"minecraft:dirt":4,"minecraft:cobweb":2,"minecraft:cobblestone":1,"minecraft:stone":32,"minecraft:oak_planks":3,"minecraft:wall_torch":2},"minecraft:crafted":{"minecraft:cherry_planks":12,"minecraft:crafting_table":1,"minecraft:stick":8,"minecraft:wooden_pickaxe":1,"minecraft:stone_pickaxe":1,"minecraft:stone_sword":1,"minecraft:stone_axe":1,"minecraft:bread":4},"minecraft:picked_up":{"minecraft:crafting_table":2,"minecraft:wheat":39,"minecraft:azure_bluet":1,"minecraft:torch":6,"minecraft:potato":45,"minecraft:cherry_log":3,"minecraft:yellow_bed":1,"minecraft:carrot":72,"minecraft:string":2,"minecraft:dirt":9,"minecraft:arrow":1,"minecraft:bone":4,"minecraft:wheat_seeds":123,"minecraft:stripped_oak_wood":1,"minecraft:coal":13,"minecraft:oak_planks":3,"minecraft:cobblestone":33,"minecraft:egg":1},"minecraft:used":{"minecraft:wheat_seeds":58,"minecraft:stone_sword":7,"minecraft:bread":4,"minecraft:stone_pickaxe":36,"minecraft:oak_planks":3,"minecraft:wooden_pickaxe":16,"minecraft:stone_axe":3,"minecraft:torch":1,"minecraft:dirt":5,"minecraft:crafting_table":2,"minecraft:carrot":27,"minecraft:egg":1,"minecraft:potato":9,"minecraft:azure_bluet":1},"minecraft:custom":{"minecraft:time_since_rest":7896,"minecraft:interact_with_furnace":1,"minecraft:sprint_one_cm":82770,"minecraft:damage_taken":965,"minecraft:walk_one_cm":80940,"minecraft:damage_dealt":28,"minecraft:talked_to_villager":1,"minecraft:interact_with_crafting_table":2,"minecraft:fly_one_cm":134006,"minecraft:open_chest":5,"minecraft:crouch_one_cm":1117,"minecraft:play_time":27863,"minecraft:deaths":2,"minecraft:sneak_time":190,"minecraft:walk_under_water_one_cm":42,"minecraft:jump":838,"minecraft:time_since_death":25313,"minecraft:walk_on_water_one_cm":3016,"minecraft:sleep_in_bed":4,"minecraft:total_world_time":27863,"minecraft:fall_one_cm":18840},"minecraft:killed_by":{"minecraft:zombie":1}},"DataVersion":3700}