{"stats":{"minecraft:mined":{"minecraft:cherry_log":3,"minecraft:crafting_table":2,"minecraft:short_grass":3,"minecraft:grass_block":12,"minecraft:tall_grass":1,"minecraft:cobblestone":1,"minecraft:oak_planks":3,"minecraft:wall_torch":2,"minecraft:carrots":20,"minecraft:wheat":52,"minecraft:stripped_oak_wood":2,"minecraft:yellow_bed":1,"minecraft:azure_bluet":1,"minecraft:potatoes":12,"minecraft:coal_ore":23,"minecraft:gravel":6,"minecraft:dirt":11,"minecraft:cobweb":2,"minecraft:stone":34},"minecraft:crafted":{"minecraft:cherry_planks":12,"minecraft:crafting_table":1,"minecraft:wooden_pickaxe":1,"minecraft:baked_potato":9,"minecraft:cooked_chicken":3,"minecraft:furnace":1,"minecraft:stone_axe":1,"minecraft:bread":4,"minecraft:stick":8,"minecraft:stone_pickaxe":1,"minecraft:stone_sword":1,"minecraft:torch":4},"minecraft:picked_up":{"minecraft:crafting_table":2,"minecraft:wheat":39,"minecraft:azure_bluet":1,"minecraft:feather":2,"minecraft:chicken":3,"minecraft:leather":5,"minecraft:potato":45,"minecraft:yellow_bed":1,"minecraft:dirt":23,"minecraft:string":2,"minecraft:bone":4,"minecraft:wheat_seeds":124,"minecraft:beef":10,"minecraft:stripped_oak_wood":2,"minecraft:oak_planks":3,"minecraft:egg":4,"minecraft:torch":10,"minecraft:gravel":6,"minecraft:cherry_log":3,"minecraft:carrot":77,"minecraft:arrow":1,"minecraft:rotten_flesh":2,"minecraft:mutton":1,"minecraft:coal":23,"minecraft:white_wool":1,"minecraft:cobblestone":35},"minecraft:used":{"minecraft:wheat_seeds":58,"minecraft:stone_sword":14,"minecraft:stone_pickaxe":51,"minecraft:baked_potato":1,"minecraft:oak_planks":3,"minecraft:wooden_pickaxe":16,"minecraft:cooked_chicken":3,"minecraft:torch":10,"minecraft:dirt":15,"minecraft:mutton":1,"minecraft:crafting_table":3,"minecraft:carrot":27,"minecraft:azure_bluet":1,"minecraft:bread":4,"minecraft:gravel":6,"minecraft:stone_axe":26,"minecraft:furnace":1,"minecraft:yellow_bed":1,"minecraft:egg":1,"minecraft:potato":17},"minecraft:custom":{"minecraft:interact_with_furnace":9,"minecraft:mob_kills":9,"minecraft:interact_with_crafting_table":3,"minecraft:time_since_death":37313,"minecraft:sleep_in_bed":5,"minecraft:time_since_rest":6596,"minecraft:sprint_one_cm":116157,"minecraft:damage_taken":1040,"minecraft:walk_one_cm":101023,"minecraft:damage_dealt":687,"minecraft:talked_to_villager":1,"minecraft:fly_one_cm":177018,"minecraft:open_chest":5,"minecraft:crouch_one_cm":1117,"minecraft:play_time":39863,"minecraft:deaths":2,"minecraft:sneak_time":190,"minecraft:walk_under_water_one_cm":42,"minecraft:jump":1145,"minecraft:interact_with_blast_furnace":1,"minecraft:walk_on_water_one_cm":3016,"minecraft:total_world_time":39863,"minecraft:fall_one_cm":25307},"minecraft:killed":{"minecraft:sheep":1,"minecraft:zombie":1,"minecraft:chicken":3,"minecraft:cow":4},"minecraft:killed_by":{"minecraft:zombie":1}},"DataVersion":3700}