{"stats":{"minecraft:mined":{"minecraft:cherry_log":3,"minecraft:crafting_table":2,"minecraft:short_grass":12,"minecraft:grass_block":12,"minecraft:tall_grass":4,"minecraft:cobblestone":1,"minecraft:oak_planks":3,"minecraft:wall_torch":3,"minecraft:smooth_stone":8,"minecraft:furnace":1,"minecraft:carrots":20,"minecraft:iron_ore":3,"minecraft:wheat":55,"minecraft:stripped_oak_wood":3,"minecraft:yellow_bed":2,"minecraft:azure_bluet":1,"minecraft:potatoes":12,"minecraft:coal_ore":27,"minecraft:gravel":6,"minecraft:dirt":16,"minecraft:cobweb":2,"minecraft:stone":43,"minecraft:white_wool":3},"minecraft:crafted":{"minecraft:cooked_beef":3,"minecraft:cherry_planks":12,"minecraft:oak_planks":12,"minecraft:cooked_porkchop":11,"minecraft:crafting_table":1,"minecraft:wooden_pickaxe":1,"minecraft:baked_potato":28,"minecraft:cooked_chicken":3,"minecraft:furnace":1,"minecraft:bone_meal":6,"minecraft:stone_axe":1,"minecraft:cooked_mutton":5,"minecraft:bread":13,"minecraft:stick":16,"minecraft:iron_ingot":3,"minecraft:iron_pickaxe":1,"minecraft:stone_pickaxe":1,"minecraft:stone_sword":1,"minecraft:torch":20},"minecraft:picked_up":{"minecraft:crafting_table":2,"minecraft:wheat":39,"minecraft:azure_bluet":1,"minecraft:feather":2,"minecraft:chicken":3,"minecraft:leather":14,"minecraft:potato":45,"minecraft:yellow_bed":2,"minecraft:dirt":26,"minecraft:string":2,"minecraft:bone":4,"minecraft:wheat_seeds":129,"minecraft:smooth_stone":8,"minecraft:beef":23,"minecraft:stripped_oak_wood":3,"minecraft:oak_planks":3,"minecraft:furnace":1,"minecraft:egg":4,"minecraft:raw_iron":3,"minecraft:torch":14,"minecraft:gravel":6,"minecraft:porkchop":11,"minecraft:cherry_log":3,"minecraft:carrot":77,"minecraft:arrow":1,"minecraft:rotten_flesh":2,"minecraft:mutton":6,"minecraft:coal":49,"minecraft:white_wool":7,"minecraft:cobblestone":44},"minecraft:used":{"minecraft:wheat_seeds":61,"minecraft:stone_sword":19,"minecraft:stone_pickaxe":81,"minecraft:baked_potato":4,"minecraft:oak_planks":6,"minecraft:wooden_pickaxe":16,"minecraft:cooked_chicken":3,"minecraft:white_wool":3,"minecraft:torch":14,"minecraft:dirt":26,"minecraft:mutton":1,"minecraft:crafting_table":3,"minecraft:carrot":27,"minecraft:azure_bluet":1,"minecraft:bread":4,"minecraft:gravel":6,"minecraft:stone_axe":72,"minecraft:cobblestone":10,"minecraft:oak_sapling":1,"minecraft:furnace":2,"minecraft:cooked_porkchop":1,"minecraft:yellow_bed":1,"minecraft:egg":1,"minecraft:potato":17,"minecraft:bone_meal":6},"minecraft:custom":{"minecraft:interact_with_furnace":20,"minecraft:mob_kills":24,"minecraft:interact_with_crafting_table":7,"minecraft:time_since_death":55313,"minecraft:sleep_in_bed":6,"minecraft:time_since_rest":11406,"minecraft:sprint_one_cm":158411,"minecraft:damage_taken":1110,"minecraft:walk_one_cm":127662,"minecraft:damage_dealt":2058,"minecraft:talked_to_villager":1,"minecraft:fly_one_cm":222185,"minecraft:open_chest":8,"minecraft:crouch_one_cm":1117,"minecraft:play_time":57863,"minecraft:deaths":2,"minecraft:sneak_time":190,"minecraft:walk_under_water_one_cm":42,"minecraft:jump":1484,"minecraft:interact_with_blast_furnace":5,"minecraft:walk_on_water_one_cm":3305,"minecraft:total_world_time":57863,"minecraft:fall_one_cm":31019},"minecraft:killed":{"minecraft:pig":5,"minecraft:sheep":4,"minecraft:zombie":1,"minecraft:chicken":3,"minecraft:cow":10},"minecraft:killed_by":{"minecraft:zombie":1}},"DataVersion":3700}