{"stats":{"minecraft:mined":{"minecraft:nether_gold_ore":7,"minecraft:tuff":2,"minecraft:mossy_cobblestone":2,"minecraft:cobblestone_stairs":2,"minecraft:cherry_log":14,"minecraft:grass_block":23,"minecraft:soul_soil":4,"minecraft:spawner":1,"minecraft:hay_block":1,"minecraft:smooth_stone":8,"minecraft:furnace":1,"minecraft:carrots":22,"minecraft:iron_ore":3,"minecraft:fire":8,"minecraft:andesite":14,"minecraft:deepslate_lapis_ore":6,"minecraft:azure_bluet":1,"minecraft:potatoes":12,"minecraft:dirt_path":1,"minecraft:deepslate_iron_ore":20,"minecraft:oak_stairs":4,"minecraft:stone":44,"minecraft:white_wool":4,"minecraft:deepslate_redstone_ore":5,"minecraft:glass_pane":3,"minecraft:cherry_planks":1,"minecraft:soul_sand":4,"minecraft:crafting_table":4,"minecraft:torch":2,"minecraft:short_grass":16,"minecraft:lectern":1,"minecraft:tall_grass":4,"minecraft:cobblestone":19,"minecraft:deepslate_gold_ore":8,"minecraft:sugar_cane":9,"minecraft:oak_planks":3,"minecraft:wall_torch":8,"minecraft:wheat":85,"minecraft:stripped_oak_wood":3,"minecraft:yellow_bed":2,"minecraft:coal_ore":44,"minecraft:oak_log":6,"minecraft:cherry_leaves":1,"minecraft:gravel":98,"minecraft:dirt":21,"minecraft:cobweb":22,"minecraft:netherrack":25,"minecraft:oak_leaves":6,"minecraft:deepslate":13},"minecraft:crafted":{"minecraft:cherry_planks":56,"minecraft:oak_planks":32,"minecraft:tripwire_hook":2,"minecraft:cooked_chicken":3,"minecraft:furnace":1,"minecraft:cherry_boat":1,"minecraft:bone_meal":12,"minecraft:cooked_mutton":5,"minecraft:flint_and_steel":1,"minecraft:iron_boots":1,"minecraft:iron_axe":2,"minecraft:stone_pickaxe":1,"minecraft:chest":2,"minecraft:cooked_beef":23,"minecraft:crossbow":1,"minecraft:emerald":1,"minecraft:arrow":24,"minecraft:cooked_porkchop":11,"minecraft:crafting_table":4,"minecraft:wooden_pickaxe":1,"minecraft:baked_potato":28,"minecraft:iron_sword":1,"minecraft:stone_axe":1,"minecraft:bread":20,"minecraft:stick":36,"minecraft:iron_ingot":16,"minecraft:iron_pickaxe":1,"minecraft:stone_sword":1,"minecraft:iron_shovel":1,"minecraft:gold_ingot":11,"minecraft:white_bed":1,"minecraft:torch":20},"minecraft:used":{"minecraft:cherry_boat":1,"minecraft:stone_sword":43,"minecraft:iron_shovel":72,"minecraft:flint_and_steel":3,"minecraft:chest":2,"minecraft:shield":24,"minecraft:iron_sword":69,"minecraft:cooked_chicken":3,"minecraft:netherrack":22,"minecraft:oak_door":2,"minecraft:torch":49,"minecraft:dirt":36,"minecraft:mutton":1,"minecraft:carrot":27,"minecraft:azure_bluet":1,"minecraft:iron_axe":42,"minecraft:oak_stairs":1,"minecraft:iron_helmet":3,"minecraft:furnace":2,"minecraft:oak_sapling":1,"minecraft:egg":1,"minecraft:cooked_beef":10,"minecraft:potato":17,"minecraft:wheat_seeds":92,"minecraft:cooked_mutton":5,"minecraft:cobblestone_stairs":2,"minecraft:stone_pickaxe":113,"minecraft:oak_planks":11,"minecraft:baked_potato":7,"minecraft:wooden_pickaxe":16,"minecraft:cherry_planks":8,"minecraft:chainmail_helmet":3,"minecraft:white_wool":5,"minecraft:mossy_cobblestone":1,"minecraft:crafting_table":5,"minecraft:crossbow":17,"minecraft:white_bed":1,"minecraft:oak_log":1,"minecraft:bread":5,"minecraft:iron_pickaxe":124,"minecraft:gravel":88,"minecraft:stone_axe":79,"minecraft:cobblestone":47,"minecraft:cooked_porkchop":7,"minecraft:andesite":15,"minecraft:yellow_bed":2,"minecraft:smooth_stone":8,"minecraft:bone_meal":6},"minecraft:picked_up":{"minecraft:iron_chestplate":1,"minecraft:crafting_table":6,"minecraft:wheat":64,"minecraft:azure_bluet":1,"minecraft:chicken":3,"minecraft:oak_stairs":7,"minecraft:shield":3,"minecraft:string":20,"minecraft:soul_soil":51,"minecraft:iron_axe":1,"minecraft:flint_and_steel":3,"minecraft:iron_leggings":1,"minecraft:iron_shovel":1,"minecraft:cherry_boat":2,"minecraft:smooth_stone":8,"minecraft:gold_nugget":43,"minecraft:cobbled_deepslate":13,"minecraft:beef":23,"minecraft:iron_pickaxe":1,"minecraft:lectern":1,"minecraft:sugar_cane":20,"minecraft:egg":4,"minecraft:furnace":1,"minecraft:iron_boots":2,"minecraft:stick":9,"minecraft:raw_iron":24,"minecraft:oak_door":3,"minecraft:oak_fence":4,"minecraft:torch":34,"minecraft:porkchop":15,"minecraft:cherry_log":14,"minecraft:carrot":87,"minecraft:redstone":20,"minecraft:arrow":20,"minecraft:rotten_flesh":22,"minecraft:mutton":6,"minecraft:white_wool":9,"minecraft:rail":2,"minecraft:bone_block":1,"minecraft:cobblestone":83,"minecraft:feather":27,"minecraft:cooked_beef":13,"minecraft:cherry_planks":1,"minecraft:andesite":15,"minecraft:water_bucket":1,"minecraft:leather":14,"minecraft:potato":47,"minecraft:flint":10,"minecraft:tuff":2,"minecraft:oak_log":6,"minecraft:yellow_bed":2,"minecraft:gunpowder":4,"minecraft:cobblestone_stairs":2,"minecraft:lapis_lazuli":76,"minecraft:dirt":42,"minecraft:bone":12,"minecraft:apple":5,"minecraft:wheat_seeds":205,"minecraft:raw_gold":8,"minecraft:iron_ingot":152,"minecraft:stripped_oak_wood":3,"minecraft:rabbit":4,"minecraft:iron_sword":2,"minecraft:oak_planks":3,"minecraft:stone_hoe":1,"minecraft:soul_sand":3,"minecraft:cooked_porkchop":5,"minecraft:quartz":4,"minecraft:gravel":93,"minecraft:mossy_cobblestone":3,"minecraft:iron_helmet":1,"minecraft:crossbow":2,"minecraft:chainmail_helmet":3,"minecraft:bread":127,"minecraft:baked_potato":21,"minecraft:coal":68,"minecraft:netherrack":22},"minecraft:dropped":{"minecraft:iron_ingot":49,"minecraft:bread":4,"minecraft:iron_sword":1,"minecraft:wheat_seeds":113,"minecraft:crafting_table":3,"minecraft:crossbow":1,"minecraft:cobblestone":19,"minecraft:chainmail_helmet":2,"minecraft:rabbit":2,"minecraft:oak_stairs":3,"minecraft:bone_meal":6,"minecraft:iron_axe":1,"minecraft:sugar_cane":20,"minecraft:raw_iron":8,"minecraft:iron_boots":1,"minecraft:shield":2,"minecraft:lectern":1},"minecraft:custom":{"minecraft:mob_kills":36,"minecraft:interact_with_crafting_table":29,"minecraft:bell_ring":4,"minecraft:leave_game":1,"minecraft:time_since_death":7280,"minecraft:sprint_one_cm":479174,"minecraft:walk_one_cm":439097,"minecraft:damage_blocked_by_shield":1320,"minecraft:drop":108,"minecraft:talked_to_villager":6,"minecraft:play_time":191627,"minecraft:deaths":3,"minecraft:sneak_time":401,"minecraft:walk_under_water_one_cm":2032,"minecraft:boat_one_cm":55197,"minecraft:jump":4408,"minecraft:interact_with_blast_furnace":7,"minecraft:walk_on_water_one_cm":18318,"minecraft:total_world_time":191627,"minecraft:interact_with_furnace":30,"minecraft:traded_with_villager":1,"minecraft:sleep_in_bed":17,"minecraft:time_since_rest":7307,"minecraft:damage_taken":2728,"minecraft:damage_dealt":4201,"minecraft:fly_one_cm":656416,"minecraft:swim_one_cm":2844,"minecraft:open_chest":39,"minecraft:crouch_one_cm":2084,"minecraft:fall_one_cm":94512},"minecraft:killed":{"minecraft:skeleton":1,"minecraft:chicken":3,"minecraft:pig":6,"minecraft:sheep":4,"minecraft:zombie":9,"minecraft:ghast":1,"minecraft:cow":10},"minecraft:killed_by":{"minecraft:zombie":1}},"DataVersion":3700}