{"stats":{"minecraft:mined":{"minecraft:carrots":8,"minecraft:wheat":16,"minecraft:cherry_log":3,"minecraft:crafting_table":2,"minecraft:yellow_bed":1,"minecraft:azure_bluet":1,"minecraft:short_grass":2,"minecraft:grass_block":2,"minecraft:potatoes":2,"minecraft:cobweb":2,"minecraft:cobblestone":1,"minecraft:stone":16,"minecraft:oak_planks":3},"minecraft:crafted":{"minecraft:cherry_planks":12,"minecraft:crafting_table":1,"minecraft:stick":8,"minecraft:wooden_pickaxe":1,"minecraft:stone_pickaxe":1,"minecraft:stone_sword":1,"minecraft:stone_axe":1,"minecraft:bread":4},"minecraft:picked_up":{"minecraft:crafting_table":2,"minecraft:wheat":13,"minecraft:azure_bluet":1,"minecraft:potato":7,"minecraft:cherry_log":3,"minecraft:yellow_bed":1,"minecraft:carrot":27,"minecraft:string":2,"minecraft:dirt":2,"minecraft:arrow":1,"minecraft:bone":2,"minecraft:wheat_seeds":36,"minecraft:oak_planks":3,"minecraft:cobblestone":17,"minecraft:egg":1},"minecraft:used":{"minecraft:wheat_seeds":4,"minecraft:stone_sword":2,"minecraft:bread":2,"minecraft:stone_pickaxe":1,"minecraft:oak_planks":3,"minecraft:wooden_pickaxe":16,"minecraft:stone_axe":1,"minecraft:dirt":1,"minecraft:crafting_table":2,"minecraft:carrot":27,"minecraft:egg":1,"minecraft:potato":4,"minecraft:azure_bluet":1},"minecraft:custom":{"minecraft:time_since_rest":11105,"minecraft:sprint_one_cm":60764,"minecraft:damage_taken":705,"minecraft:walk_one_cm":47474,"minecraft:damage_dealt":28,"minecraft:interact_with_crafting_table":2,"minecraft:fly_one_cm":90932,"minecraft:open_chest":1,"minecraft:crouch_one_cm":845,"minecraft:play_time":15863,"minecraft:deaths":2,"minecraft:sneak_time":155,"minecraft:jump":570,"minecraft:time_since_death":13313,"minecraft:walk_on_water_one_cm":104,"minecraft:sleep_in_bed":1,"minecraft:total_world_time":15863,"minecraft:fall_one_cm":14556},"minecraft:killed_by":{"minecraft:zombie":1}},"DataVersion":3700}