{"stats":{"minecraft:mined":{"minecraft:tuff":2,"minecraft:cherry_log":3,"minecraft:crafting_table":2,"minecraft:short_grass":12,"minecraft:grass_block":12,"minecraft:tall_grass":4,"minecraft:cobblestone":1,"minecraft:oak_planks":3,"minecraft:wall_torch":4,"minecraft:spawner":1,"minecraft:smooth_stone":8,"minecraft:furnace":1,"minecraft:carrots":20,"minecraft:iron_ore":3,"minecraft:wheat":55,"minecraft:andesite":13,"minecraft:stripped_oak_wood":3,"minecraft:yellow_bed":2,"minecraft:azure_bluet":1,"minecraft:potatoes":12,"minecraft:coal_ore":27,"minecraft:deepslate_iron_ore":9,"minecraft:gravel":6,"minecraft:dirt":16,"minecraft:cobweb":11,"minecraft:stone":44,"minecraft:white_wool":3,"minecraft:deepslate":7},"minecraft:crafted":{"minecraft:cooked_beef":23,"minecraft:cherry_planks":12,"minecraft:oak_planks":12,"minecraft:cooked_porkchop":11,"minecraft:crafting_table":2,"minecraft:wooden_pickaxe":1,"minecraft:baked_potato":28,"minecraft:cooked_chicken":3,"minecraft:furnace":1,"minecraft:bone_meal":6,"minecraft:stone_axe":1,"minecraft:cooked_mutton":5,"minecraft:bread":13,"minecraft:stick":16,"minecraft:iron_ingot":3,"minecraft:iron_pickaxe":1,"minecraft:stone_pickaxe":1,"minecraft:stone_sword":1,"minecraft:torch":20},"minecraft:picked_up":{"minecraft:crafting_table":2,"minecraft:wheat":39,"minecraft:azure_bluet":1,"minecraft:feather":2,"minecraft:chicken":3,"minecraft:andesite":14,"minecraft:leather":14,"minecraft:potato":45,"minecraft:tuff":2,"minecraft:yellow_bed":2,"minecraft:dirt":26,"minecraft:string":9,"minecraft:bone":6,"minecraft:wheat_seeds":129,"minecraft:cobbled_deepslate":7,"minecraft:smooth_stone":8,"minecraft:beef":23,"minecraft:stripped_oak_wood":3,"minecraft:oak_planks":3,"minecraft:furnace":1,"minecraft:egg":4,"minecraft:raw_iron":11,"minecraft:torch":21,"minecraft:gravel":6,"minecraft:porkchop":11,"minecraft:cherry_log":3,"minecraft:carrot":77,"minecraft:arrow":1,"minecraft:rotten_flesh":4,"minecraft:mutton":6,"minecraft:coal":49,"minecraft:rail":2,"minecraft:white_wool":7,"minecraft:cobblestone":45},"minecraft:used":{"minecraft:wheat_seeds":61,"minecraft:stone_sword":31,"minecraft:stone_pickaxe":107,"minecraft:baked_potato":4,"minecraft:oak_planks":6,"minecraft:shield":2,"minecraft:wooden_pickaxe":16,"minecraft:cooked_chicken":3,"minecraft:white_wool":3,"minecraft:torch":37,"minecraft:dirt":26,"minecraft:mutton":1,"minecraft:crafting_table":3,"minecraft:carrot":27,"minecraft:azure_bluet":1,"minecraft:bread":4,"minecraft:iron_pickaxe":7,"minecraft:gravel":6,"minecraft:stone_axe":72,"minecraft:cobblestone":10,"minecraft:oak_sapling":1,"minecraft:furnace":2,"minecraft:cooked_porkchop":1,"minecraft:yellow_bed":2,"minecraft:egg":1,"minecraft:potato":17,"minecraft:bone_meal":6},"minecraft:dropped":{"minecraft:raw_iron":8},"minecraft:custom":{"minecraft:interact_with_furnace":20,"minecraft:mob_kills":25,"minecraft:interact_with_crafting_table":7,"minecraft:time_since_death":67313,"minecraft:sleep_in_bed":9,"minecraft:time_since_rest":9310,"minecraft:sprint_one_cm":180572,"minecraft:damage_taken":1146,"minecraft:walk_one_cm":176450,"minecraft:damage_blocked_by_shield":120,"minecraft:drop":2,"minecraft:damage_dealt":2138,"minecraft:talked_to_villager":1,"minecraft:fly_one_cm":231935,"minecraft:open_chest":10,"minecraft:crouch_one_cm":1263,"minecraft:play_time":69863,"minecraft:deaths":2,"minecraft:sneak_time":210,"minecraft:walk_under_water_one_cm":42,"minecraft:jump":1587,"minecraft:interact_with_blast_furnace":5,"minecraft:walk_on_water_one_cm":4622,"minecraft:total_world_time":69863,"minecraft:fall_one_cm":31915},"minecraft:killed":{"minecraft:pig":5,"minecraft:skeleton":1,"minecraft:sheep":4,"minecraft:zombie":1,"minecraft:chicken":3,"minecraft:cow":10},"minecraft:killed_by":{"minecraft:zombie":1}},"DataVersion":3700}