{"stats":{"minecraft:mined":{"minecraft:nether_gold_ore":7,"minecraft:tuff":2,"minecraft:cherry_log":14,"minecraft:grass_block":17,"minecraft:soul_soil":4,"minecraft:spawner":1,"minecraft:smooth_stone":8,"minecraft:furnace":1,"minecraft:carrots":22,"minecraft:iron_ore":3,"minecraft:fire":8,"minecraft:andesite":14,"minecraft:deepslate_lapis_ore":6,"minecraft:azure_bluet":1,"minecraft:potatoes":12,"minecraft:deepslate_iron_ore":20,"minecraft:stone":44,"minecraft:white_wool":3,"minecraft:deepslate_redstone_ore":5,"minecraft:soul_sand":4,"minecraft:crafting_table":4,"minecraft:torch":2,"minecraft:short_grass":16,"minecraft:tall_grass":4,"minecraft:cobblestone":11,"minecraft:deepslate_gold_ore":8,"minecraft:sugar_cane":3,"minecraft:oak_planks":3,"minecraft:wall_torch":7,"minecraft:wheat":85,"minecraft:stripped_oak_wood":3,"minecraft:yellow_bed":2,"minecraft:coal_ore":37,"minecraft:oak_log":4,"minecraft:cherry_leaves":1,"minecraft:gravel":91,"minecraft:dirt":18,"minecraft:cobweb":22,"minecraft:netherrack":23,"minecraft:oak_leaves":2,"minecraft:deepslate":13},"minecraft:crafted":{"minecraft:cherry_planks":56,"minecraft:oak_planks":28,"minecraft:tripwire_hook":2,"minecraft:cooked_chicken":3,"minecraft:furnace":1,"minecraft:cherry_boat":1,"minecraft:bone_meal":12,"minecraft:cooked_mutton":5,"minecraft:flint_and_steel":1,"minecraft:iron_boots":1,"minecraft:iron_axe":2,"minecraft:stone_pickaxe":1,"minecraft:chest":2,"minecraft:cooked_beef":23,"minecraft:crossbow":1,"minecraft:arrow":24,"minecraft:cooked_porkchop":11,"minecraft:crafting_table":4,"minecraft:wooden_pickaxe":1,"minecraft:baked_potato":28,"minecraft:iron_sword":1,"minecraft:stone_axe":1,"minecraft:bread":20,"minecraft:stick":36,"minecraft:iron_ingot":16,"minecraft:iron_pickaxe":1,"minecraft:stone_sword":1,"minecraft:iron_shovel":1,"minecraft:gold_ingot":11,"minecraft:white_bed":1,"minecraft:torch":20},"minecraft:picked_up":{"minecraft:crafting_table":5,"minecraft:wheat":62,"minecraft:azure_bluet":1,"minecraft:chicken":3,"minecraft:shield":2,"minecraft:string":20,"minecraft:soul_soil":51,"minecraft:flint_and_steel":1,"minecraft:smooth_stone":8,"minecraft:gold_nugget":35,"minecraft:cobbled_deepslate":13,"minecraft:beef":23,"minecraft:sugar_cane":5,"minecraft:egg":4,"minecraft:furnace":1,"minecraft:iron_boots":1,"minecraft:raw_iron":24,"minecraft:torch":30,"minecraft:porkchop":13,"minecraft:cherry_log":14,"minecraft:carrot":82,"minecraft:redstone":20,"minecraft:arrow":3,"minecraft:rotten_flesh":4,"minecraft:mutton":6,"minecraft:white_wool":7,"minecraft:rail":2,"minecraft:bone_block":1,"minecraft:cobblestone":73,"minecraft:feather":26,"minecraft:andesite":15,"minecraft:water_bucket":1,"minecraft:leather":14,"minecraft:potato":45,"minecraft:flint":10,"minecraft:tuff":2,"minecraft:oak_log":4,"minecraft:yellow_bed":2,"minecraft:gunpowder":2,"minecraft:lapis_lazuli":38,"minecraft:dirt":33,"minecraft:bone":7,"minecraft:wheat_seeds":205,"minecraft:raw_gold":8,"minecraft:iron_ingot":101,"minecraft:stripped_oak_wood":3,"minecraft:oak_planks":3,"minecraft:stone_hoe":1,"minecraft:soul_sand":3,"minecraft:quartz":4,"minecraft:gravel":85,"minecraft:crossbow":1,"minecraft:bread":58,"minecraft:coal":59,"minecraft:netherrack":20},"minecraft:used":{"minecraft:cherry_boat":1,"minecraft:stone_sword":43,"minecraft:iron_shovel":72,"minecraft:flint_and_steel":3,"minecraft:chest":2,"minecraft:shield":16,"minecraft:cooked_chicken":3,"minecraft:torch":49,"minecraft:dirt":26,"minecraft:mutton":1,"minecraft:carrot":27,"minecraft:azure_bluet":1,"minecraft:iron_axe":27,"minecraft:furnace":2,"minecraft:oak_sapling":1,"minecraft:egg":1,"minecraft:cooked_beef":5,"minecraft:potato":17,"minecraft:wheat_seeds":92,"minecraft:cooked_mutton":3,"minecraft:stone_pickaxe":113,"minecraft:oak_planks":6,"minecraft:baked_potato":4,"minecraft:wooden_pickaxe":16,"minecraft:white_wool":3,"minecraft:crafting_table":5,"minecraft:crossbow":6,"minecraft:bread":4,"minecraft:iron_pickaxe":96,"minecraft:gravel":79,"minecraft:stone_axe":79,"minecraft:cobblestone":21,"minecraft:cooked_porkchop":6,"minecraft:andesite":13,"minecraft:yellow_bed":2,"minecraft:bone_meal":6},"minecraft:dropped":{"minecraft:iron_ingot":49,"minecraft:wheat_seeds":113,"minecraft:crafting_table":3,"minecraft:crossbow":1,"minecraft:cobblestone":19,"minecraft:bone_meal":6,"minecraft:iron_axe":1,"minecraft:raw_iron":8,"minecraft:iron_boots":1,"minecraft:shield":2},"minecraft:custom":{"minecraft:mob_kills":28,"minecraft:interact_with_crafting_table":29,"minecraft:time_since_death":139313,"minecraft:sprint_one_cm":330288,"minecraft:walk_one_cm":347331,"minecraft:damage_blocked_by_shield":975,"minecraft:drop":97,"minecraft:talked_to_villager":3,"minecraft:play_time":141863,"minecraft:deaths":2,"minecraft:sneak_time":310,"minecraft:walk_under_water_one_cm":1784,"minecraft:boat_one_cm":34178,"minecraft:jump":2966,"minecraft:interact_with_blast_furnace":6,"minecraft:walk_on_water_one_cm":14639,"minecraft:total_world_time":141863,"minecraft:interact_with_furnace":30,"minecraft:sleep_in_bed":12,"minecraft:time_since_rest":8449,"minecraft:damage_taken":1909,"minecraft:damage_dealt":2603,"minecraft:fly_one_cm":418742,"minecraft:swim_one_cm":342,"minecraft:open_chest":31,"minecraft:crouch_one_cm":1575,"minecraft:fall_one_cm":62078},"minecraft:killed":{"minecraft:skeleton":1,"minecraft:chicken":3,"minecraft:pig":6,"minecraft:sheep":4,"minecraft:zombie":1,"minecraft:ghast":1,"minecraft:cow":10},"minecraft:killed_by":{"minecraft:zombie":1}},"DataVersion":3700}